year,township,WLN,method,clitellata_hirudinida
1998,lakeville,L-4,DN,0
1998,lakeville,L-4,BT1,0
1998,lakeville,L-4,BT2,0
1998,lakeville,L-4,BT3,0
2000,mendota_heights,MH-2,DN,1
2000,mendota_heights,MH-2,BT1,4
2000,mendota_heights,MH-2,BT2,0
2000,mendota_heights,MH-2,BT3,0
2000,mendota_heights,MH-5,DN,0
2000,mendota_heights,MH-5,BT1,0
2000,mendota_heights,MH-5,BT2,0
2000,mendota_heights,MH-5,BT3,0
2000,inver_grove_heights,IGH-8,DN,11
2000,inver_grove_heights,IGH-8,BT1,42
2000,inver_grove_heights,IGH-8,BT2,26
2000,inver_grove_heights,IGH-8,BT3,54
2000,inver_grove_heights,IGH-6,DN,6
2000,inver_grove_heights,IGH-6,BT1,50
2000,inver_grove_heights,IGH-6,BT2,189
2000,inver_grove_heights,IGH-6,BT3,0
2000,lakeville,LH-1,DN,0
2000,lakeville,LH-1,BT1,0
2000,lakeville,LH-1,BT2,0
2000,lakeville,LH-1,BT3,0
2000,hastings,H-3,DN,0
2000,hastings,H-3,BT1,0
2000,hastings,H-3,BT2,0
2000,hastings,H-3,BT3,0
2000,mendota_heights,MH-4,DN,3
2000,mendota_heights,MH-4,BT1,0
2000,mendota_heights,MH-4,BT2,0
2000,mendota_heights,MH-4,BT3,0
2000,inver_grove_heights,IGH-7,DN,0
2000,inver_grove_heights,IGH-7,BT1,0
2000,inver_grove_heights,IGH-7,BT2,0
2000,inver_grove_heights,IGH-7,BT3,0
2000,northfield,T-1,DN,0
2000,northfield,T-1,BT1,0
2000,northfield,T-1,BT2,0
2000,northfield,T-1,BT3,0
2000,inver_grove_heights,IGH-9,DN,2
2000,inver_grove_heights,IGH-9,BT1,2
2000,inver_grove_heights,IGH-9,BT2,3
2000,inver_grove_heights,IGH-9,BT3,1
2000,inver_grove_heights,IGH-8,DN,6
2000,inver_grove_heights,IGH-8,BT1,1
2000,inver_grove_heights,IGH-8,BT2,2
2000,inver_grove_heights,IGH-8,BT3,24
2000,hastings,H-1,DN,3
2000,hastings,H-1,BT1,0
2000,hastings,H-1,BT2,0
2000,hastings,H-1,BT3,1
2000,northfield,T-1,DN,0
2000,northfield,T-1,BT1,0
2000,northfield,T-1,BT2,4
2000,northfield,T-1,BT3,0
2000,mendota_heights,MH-2,DN,18
2000,mendota_heights,MH-2,BT1,3
2000,mendota_heights,MH-2,BT2,0
2000,mendota_heights,MH-2,BT3,2
2001,hastings,H-1,DN,1
2001,hastings,H-1,BT1,3
2001,hastings,H-1,BT2,4
2001,hastings,H-1,BT3,3
2001,inver_grove_heights,IGH-9,DN,1
2001,inver_grove_heights,IGH-9,BT1,1
2001,inver_grove_heights,IGH-9,BT2,0
2001,inver_grove_heights,IGH-9,BT3,8
2001,mendota_heights,MH-4,DN,5
2001,mendota_heights,MH-4,BT1,1
2001,mendota_heights,MH-4,BT2,4
2001,mendota_heights,MH-4,BT3,0
2001,inver_grove_heights,IGH-10,DN,12
2001,inver_grove_heights,IGH-10,BT1,6
2001,inver_grove_heights,IGH-10,BT2,5
2001,inver_grove_heights,IGH-10,BT3,21
2001,hastings,H-4,DN,3
2001,hastings,H-4,BT1,0
2001,hastings,H-4,BT2,0
2001,hastings,H-4,BT3,0
2001,mendota_heights,MH-6,DN,10
2001,mendota_heights,MH-6,BT1,3
2001,mendota_heights,MH-6,BT2,0
2001,mendota_heights,MH-6,BT3,5
2001,inver_grove_heights,IGH-11,DN,0
2001,inver_grove_heights,IGH-11,BT1,8
2001,inver_grove_heights,IGH-11,BT2,4
2001,inver_grove_heights,IGH-11,BT3,14
2001,inver_grove_heights,IGH-1,DN,1
2001,inver_grove_heights,IGH-1,BT1,8
2001,inver_grove_heights,IGH-1,BT2,0
2001,inver_grove_heights,IGH-1,BT3,0
2001,inver_grove_heights,IGH-1,DN,0
2001,inver_grove_heights,IGH-1,BT1,5
2001,inver_grove_heights,IGH-1,BT2,0
2001,inver_grove_heights,IGH-1,BT3,0
2001,mendota_heights,MH-2,DN,0
2001,mendota_heights,MH-2,BT1,11
2001,mendota_heights,MH-2,BT2,4
2001,mendota_heights,MH-2,BT3,10
2001,lakeville,L-3,DN,2
2001,lakeville,L-3,BT1,0
2001,lakeville,L-3,BT2,0
2001,lakeville,L-3,BT3,0
2001,lakeville,L-4,DN,0
2001,lakeville,L-4,BT1,0
2001,lakeville,L-4,BT2,0
2001,lakeville,L-4,BT3,0
2001,lakeville,L-6,DN,0
2001,lakeville,L-6,BT1,0
2001,lakeville,L-6,BT2,0
2001,lakeville,L-6,BT3,0
2001,hastings,H-3,DN,1
2001,hastings,H-3,BT1,1
2001,hastings,H-3,BT2,1
2001,hastings,H-3,BT3,0
2001,mendota_heights,MH-5,DN,9
2001,mendota_heights,MH-5,BT1,3
2001,mendota_heights,MH-5,BT2,3
2001,mendota_heights,MH-5,BT3,8
2001,lakeville,L-5,DN,0
2001,lakeville,L-5,BT1,0
2001,lakeville,L-5,BT2,0
2001,lakeville,L-5,BT3,0
2001,mendota_heights,MH-7,DN,8
2001,mendota_heights,MH-7,BT1,0
2001,mendota_heights,MH-7,BT2,0
2001,mendota_heights,MH-7,BT3,0
2001,lakeville,L-6,DN,0
2001,lakeville,L-6,BT1,0
2001,lakeville,L-6,BT2,1
2001,lakeville,L-6,BT3,1
2001,northfield,T-1,DN,0
2001,northfield,T-1,BT1,0
2001,northfield,T-1,BT2,4
2001,northfield,T-1,BT3,0
2002,hastings,H-4,DN,0
2002,hastings,H-4,BT1,0
2002,hastings,H-4,BT2,0
2002,hastings,H-4,BT3,0
2002,hastings,H-3,DN,0
2002,hastings,H-3,BT1,0
2002,hastings,H-3,BT2,0
2002,hastings,H-3,BT3,0
2002,inver_grove_heights,IGH-1,DN,3
2002,inver_grove_heights,IGH-1,BT1,0
2002,inver_grove_heights,IGH-1,BT2,1
2002,inver_grove_heights,IGH-1,BT3,0
2002,inver_grove_heights,IGH-13,DN,24
2002,inver_grove_heights,IGH-13,BT1,205
2002,inver_grove_heights,IGH-13,BT2,0
2002,inver_grove_heights,IGH-13,BT3,0
2002,hastings,H-5,DN,1
2002,hastings,H-5,BT1,0
2002,hastings,H-5,BT2,0
2002,hastings,H-5,BT3,0
2003,apple_valley,AV-1,DN,1
2003,apple_valley,AV-1,BT1,0
2003,apple_valley,AV-5,DN,1
2003,apple_valley,AV-5,BT1,0
2003,apple_valley,AV-6,DN,0
2003,apple_valley,AV-6,BT1,1
2003,apple_valley,AV-7,DN,0
2003,apple_valley,AV-7,BT1,0
2003,rosemount,R-10,DN,3
2003,rosemount,R-10,BT1,2
2003,rosemount,R-10,BT2,0
2003,rosemount,R-10,BT3,0
2003,farmington,F-1,DN,2
2003,farmington,F-1,BT1,1
2003,farmington,F-1,BT2,2
2003,farmington,F-1,BT3,1
2003,lakeville,L-7,DN,0
2003,lakeville,L-7,BT1,0
2003,lakeville,L-7,BT2,0
2003,lakeville,L-7,BT3,0
2003,lakeville,L-8,DN,1
2003,lakeville,L-8,BT1,0
2003,lakeville,L-8,BT2,0
2003,lakeville,L-8,BT3,0
2003,farmington,F-4,DN,0
2003,farmington,F-4,BT1,0
2003,farmington,F-4,BT2,0
2003,farmington,F-4,BT3,0
2003,hastings,H-4,DN,0
2003,hastings,H-4,BT1,0
2003,hastings,H-4,BT2,1
2003,hastings,H-4,BT3,0
2003,rosemount,R-11,DN,4
2003,rosemount,R-11,BT1,2
2003,rosemount,R-11,BT2,0
2003,rosemount,R-11,BT3,0
2003,burnsville,B-3,DN,0
2003,burnsville,B-3,BT1,0
2003,farmington,F-3,DN,0
2003,farmington,F-3,BT1,0
2003,farmington,F-3,BT2,0
2003,bloomington,MNV-3,DN,3
2003,bloomington,MNV-3,BT1,0
2003,bloomington,MNV-3,BT2,0
2003,bloomington,MNV-3,BT3,0
2003,bloomington,MNV-4,DN,21
2003,bloomington,MNV-4,BT1,21
2003,bloomington,MNV-4,BT2,0
2003,bloomington,MNV-4,BT3,0
2003,rosemount,R-12,DN,15
2003,rosemount,R-12,BT1,1
2003,rosemount,R-12,BT2,0
2003,burnsville,B-10,DN,3
2003,burnsville,B-10,BT1,0
2003,burnsville,B-11,DN,17
2003,burnsville,B-11,BT1,8
2003,hastings,H-4,DN,12
2003,hastings,H-4,BT1,32
2003,hastings,H-4,BT2,38
2003,hastings,H-4,BT3,20
2003,bloomington,MNV-1,DN,3
2003,bloomington,MNV-1,BT1,1
2003,bloomington,MNV-1,BT2,0
2003,bloomington,MNV-1,BT3,0
2003,bloomington,MNV-2,DN,3
2003,bloomington,MNV-2,BT1,3
2003,bloomington,MNV-2,BT2,0
2003,bloomington,MNV-2,BT3,0
2003,burnsville,B-1,DN,9
2003,burnsville,B-1,BT1,0
2003,eagan,E-18,DN,6
2003,eagan,E-18,BT1,2
2003,eagan,E-18,BT2,5
2003,eagan,E-18,BT3,0
2003,eagan,E-10,DN,0
2003,eagan,E-10,BT1,0
2003,eagan,E-10,BT2,0
2003,eagan,E-10,BT3,0
2003,apple_valley,AV-1,BT1,11
2003,apple_valley,AV-1,BT2,0
2003,apple_valley,AV-1,DN,11
2003,lakeville,L-4,DN,2
2003,lakeville,L-4,BT1,1
2003,lakeville,L-4,BT2,1
2003,lakeville,L-4,BT3,0
2003,lakeville,L-9,DN,1
2003,lakeville,L-9,BT1,0
2003,lakeville,L-9,BT2,0
2003,lakeville,L-9,BT3,0
2003,farmington,F-1,DN,1
2003,farmington,F-1,BT1,48
2003,eagan,E-17,DN,2
2003,eagan,E-17,BT1,0
2003,eagan,E-17,BT2,0
2003,eagan,E-17,BT3,3
2003,rosemount,R-12,DN,30
2003,rosemount,R-12,BT1,25
2003,rosemount,R-12,BT2,25
2003,rosemount,R-12,BT3,25
2003,rosemount,R-13,DN,1
2003,rosemount,R-13,BT1,0
2003,rosemount,R-13,BT2,0
2003,rosemount,R-13,BT3,0
2003,eagan,E-11,DN,0
2003,eagan,E-11,BT1,2
2003,eagan,E-11,BT2,2
2003,eagan,E-11,BT3,1
2003,eagan,E-16,DN,0
2003,eagan,E-16,BT1,1
2003,eagan,E-16,BT2,5
2003,eagan,E-16,BT3,1
2003,hastings,H-6,DN,2
2003,hastings,H-6,BT1,2
2003,hastings,H-6,BT2,0
2003,hastings,H-6,BT3,0
2003,inver_grove_heights,IGH-O,DN,0
2003,inver_grove_heights,IGH-O,BT1,1
2003,inver_grove_heights,IGH-O,BT2,0
2003,inver_grove_heights,IGH-O,BT3,0
2003,bloomington,MNV-5,DN,0
2003,bloomington,MNV-5,BT1,0
2003,bloomington,MNV-5,BT2,0
2003,bloomington,MNV-5,BT3,0
2003,bloomington,MNV-6,DN,0
2003,bloomington,MNV-6,BT1,0
2003,bloomington,MNV-6,BT2,0
2003,bloomington,MNV-6,BT3,0
2003,eagan,E-17,DN,3
2003,eagan,E-17,BT1,16
2003,eagan,E-17,BT2,11
2003,eagan,E-17,BT3,9
2003,lakeville,L-7,DN,0
2003,lakeville,L-7,BT1,0
2003,lakeville,L-7,BT2,0
2003,lakeville,L-7,BT3,0
2003,apple_valley,AV-1,DN,0
2003,apple_valley,AV-1,BT1,1
2003,burnsville,B-1,DN,1
2003,burnsville,B-1,BT1,0
2003,burnsville,B-1,BT2,1
2003,burnsville,B-1,BT3,2
2003,eagan,E-17,DN,3
2003,eagan,E-17,BT1,35
2003,burnsville,B-1,DN,15
2003,burnsville,B-1,BT1,0
2004,mendota_heights,MH-9,DN,0
2004,mendota_heights,MH-9,BT1,1
2004,mendota_heights,MH-9,BT2,0
2004,mendota_heights,MH-9,BT3,0
2004,hastings,H-4,DN,1
2004,hastings,H-4,BT1,1
2004,hastings,H-4,BT2,1
2004,hastings,H-4,BT3,8
2004,eagan,E-9,DN,2
2004,eagan,E-9,BT1,1
2004,eagan,E-9,BT2,0
2004,eagan,E-9,BT3,0
2004,eagan,E-10,DN,1
2004,eagan,E-10,BT1,1
2004,eagan,E-10,BT2,0
2004,eagan,E-10,BT3,0
2004,lakeville,L-7,DN,1
2004,lakeville,L-7,BT1,1
2004,lakeville,L-7,BT2,0
2004,lakeville,L-7,BT3,0
2004,lakeville,L-8,DN,2
2004,lakeville,L-8,BT1,0
2004,lakeville,L-8,BT2,0
2004,lakeville,L-8,BT3,0
2004,rosemount,R-10,DN,13
2004,rosemount,R-10,BT1,15
2004,rosemount,R-10,BT2,0
2004,rosemount,R-10,BT3,0
2004,apple_valley,AV-1,DN,0
2004,apple_valley,AV-1,BT1,2
2004,apple_valley,AV-1,BT2,0
2004,apple_valley,AV-6,DN,4
2004,apple_valley,AV-6,BT1,1
2004,apple_valley,AV-6,BT2,0
2004,apple_valley,AV-6,BT3,0
2004,apple_valley,AV-8,DN,1
2004,apple_valley,AV-8,BT1,2
2004,apple_valley,AV-8,BT2,0
2004,apple_valley,AV-8,BT3,0
2004,burnsville,B-3,DN,0
2004,burnsville,B-3,BT1,1
2004,burnsville,B-3,BT2,0
2004,burnsville,B-3,BT3,0
2004,burnsville,B-10,DN,0
2004,burnsville,B-10,BT1,1
2004,burnsville,B-10,BT2,0
2004,burnsville,B-10,BT3,0
2004,mendota_heights,MH-2,DN,0
2004,mendota_heights,MH-2,BT1,2
2004,mendota_heights,MH-2,BT2,0
2004,mendota_heights,MH-2,BT3,0
2004,hastings,H-6,DN,15
2004,hastings,H-6,BT1,11
2004,hastings,H-6,BT2,15
2004,hastings,H-6,BT3,23
2004,farmington,F-3,DN,0
2004,farmington,F-3,BT1,0
2004,farmington,F-3,BT2,0
2004,farmington,F-3,BT3,0
2004,farmington,F-4,DN,2
2004,farmington,F-4,BT1,0
2004,farmington,F-4,BT2,0
2004,farmington,F-4,BT3,0
2004,rosemount,R-11,DN,0
2004,rosemount,R-11,BT1,0
2004,rosemount,R-11,BT2,0
2004,rosemount,R-11,BT3,0
2004,burnsville,B-1,DN,1
2004,burnsville,B-1,BT1,0
2004,burnsville,B-1,BT2,0
2004,burnsville,B-1,BT3,0
2004,farmington,F-5,DN,1
2004,farmington,F-5,BT1,1
2004,farmington,F-5,BT2,2
2004,farmington,F-5,BT3,1
2004,lakeville,L-4,DN,1
2004,lakeville,L-4,BT1,1
2004,lakeville,L-4,BT2,0
2004,lakeville,L-4,BT3,0
2004,lakeville,L-9,DN,0
2004,lakeville,L-9,BT1,1
2004,lakeville,L-9,BT2,0
2004,lakeville,L-9,BT3,0
2004,mendota_heights,MH-2,DN,1
2004,mendota_heights,MH-2,BT1,2
2004,mendota_heights,MH-2,BT2,0
2004,mendota_heights,MH-2,BT3,0
2004,hastings,H-6,DN,1
2004,hastings,H-6,BT1,3
2004,hastings,H-6,BT2,3
2004,hastings,H-6,BT3,3
2004,rosemount,R-12,DN,6
2004,rosemount,R-12,BT1,4
2004,rosemount,R-12,BT2,0
2004,rosemount,R-12,BT3,0
2004,eagan,E-17,DN,0
2004,eagan,E-17,BT1,1
2004,eagan,E-17,BT2,0
2004,eagan,E-17,BT3,0
2004,hastings,sand_coulee,DN,6
2004,hastings,sand_coulee,BT1,65
2004,hastings,sand_coulee,BT2,97
2004,hastings,sand_coulee,BT3,150
2004,burnsville,B-1,DN,3
2004,burnsville,B-1,BT1,5
2004,burnsville,B-1,BT2,0
2004,burnsville,B-1,BT3,0
2004,apple_valley,AV-1,DN,0
2004,apple_valley,AV-1,BT1,0
2004,apple_valley,AV-1,BT2,0
2004,apple_valley,AV-1,BT3,0
2004,eagan,E-9,DN,2
2004,eagan,E-9,BT1,2
2004,eagan,E-9,BT2,0
2004,eagan,E-9,BT3,0
2004,apple_valley,AV-7,DN,0
2004,apple_valley,AV-7,BT1,0
2004,apple_valley,AV-7,BT2,0
2004,apple_valley,AV-7,BT3,1
2004,eagan,E-14,DN,1
2004,eagan,E-14,BT1,1
2004,eagan,E-14,BT2,0
2004,eagan,E-14,BT3,0
2004,rosemount,R-1,DN,0
2004,rosemount,R-1,BT1,1
2004,rosemount,R-1,BT2,0
2004,rosemount,R-1,BT3,0
2004,rosemount,R-1,DN,0
2004,rosemount,R-1,BT1,6
2004,rosemount,R-1,BT2,0
2004,rosemount,R-1,BT3,0
2004,lakeville,L-7,DN,1
2004,lakeville,L-7,BT1,0
2004,lakeville,L-7,BT2,0
2004,lakeville,L-7,BT3,0
2004,burnsville,B-11,DN,4
2004,burnsville,B-11,BT1,23
2004,burnsville,B-11,BT2,0
2004,burnsville,B-11,BT3,0
2005,hastings,H-30,DN,0
2005,hastings,H-30,BT1,8
2005,hastings,H-30,BT2,0
2005,hastings,H-30,BT3,7
2005,rosemount,R-14,DN,0
2005,rosemount,R-14,BT1,0
2005,rosemount,R-14,BT2,0
2005,rosemount,R-14,BT3,0
2005,farmington,F-3,DN,0
2005,farmington,F-3,BT1,0
2005,farmington,F-3,BT2,0
2005,farmington,F-3,BT3,0
2005,farmington,F-4,DN,0
2005,farmington,F-4,BT1,0
2005,farmington,F-4,BT2,0
2005,farmington,F-4,BT3,0
2005,burnsville,B-6,DN,0
2005,burnsville,B-6,BT1,0
2005,burnsville,B-6,BT2,0
2005,burnsville,B-6,BT3,0
2005,farmington,F-1,DN,8
2005,farmington,F-1,BT1,2
2005,farmington,F-1,BT2,1
2005,farmington,F-1,BT3,2
2005,mendota_heights,MH-2,DN,0
2005,mendota_heights,MH-2,BT1,0
2005,mendota_heights,MH-2,BT2,0
2005,mendota_heights,MH-2,BT3,0
2005,rosemount,R-1,DN,0
2005,rosemount,R-1,BT1,1
2005,rosemount,R-1,BT2,2
2005,rosemount,R-1,BT3,1
2005,apple_valley,AV-6,DN,1
2005,apple_valley,AV-6,BT1,2
2005,apple_valley,AV-6,BT2,0
2005,apple_valley,AV-6,BT3,0
2005,apple_valley,AV-8,DN,1
2005,apple_valley,AV-8,BT1,0
2005,apple_valley,AV-8,BT2,0
2005,apple_valley,AV-8,BT3,0
2005,apple_valley,AV-9,DN,3
2005,apple_valley,AV-9,BT1,3
2005,apple_valley,AV-9,BT2,0
2005,apple_valley,AV-9,BT3,0
2005,hastings,H-6,DN,0
2005,hastings,H-6,BT1,0
2005,hastings,H-6,BT2,0
2005,hastings,H-6,BT3,0
2005,hastings,H-4,DN,1
2005,hastings,H-4,BT1,1
2005,hastings,H-4,BT2,0
2005,hastings,H-4,BT3,0
2005,apple_valley,AV-1,DN,0
2005,apple_valley,AV-1,BT1,0
2005,apple_valley,AV-1,BT2,0
2005,apple_valley,AV-1,BT3,0
2005,rosemount,R-12,DN,0
2005,rosemount,R-12,BT1,0
2005,rosemount,R-12,BT2,0
2005,rosemount,R-12,BT3,0
2005,lakeville,L-7,DN,3
2005,lakeville,L-7,BT1,1
2005,lakeville,L-7,BT2,0
2005,lakeville,L-7,BT3,0
2005,rosemount,R-1,DN,0
2005,rosemount,R-1,BT1,0
2005,rosemount,R-1,BT2,0
2005,rosemount,R-1,BT3,0
2005,eagan,E-10,DN,0
2005,eagan,E-10,BT1,0
2005,eagan,E-10,BT2,0
2005,eagan,E-10,BT3,0
2005,hastings,H-6,DN,0
2005,hastings,H-6,BT1,0
2005,hastings,H-6,BT2,0
2005,hastings,H-6,BT3,1
2005,lakeville,L-7,DN,0
2005,lakeville,L-7,BT1,0
2005,lakeville,L-7,BT2,0
2005,lakeville,L-7,BT3,0
2005,mendota_heights,MH-11,DN,4
2005,mendota_heights,MH-11,BT1,5
2005,mendota_heights,MH-11,BT2,0
2005,mendota_heights,MH-11,BT3,0
2005,rosemount,R-15,DN,0
2005,rosemount,R-15,BT1,0
2005,rosemount,R-15,BT2,0
2005,rosemount,R-15,BT3,0
2005,burnsville,B-1,DN,3
2005,burnsville,B-1,BT1,4
2005,burnsville,B-1,BT2,0
2005,burnsville,B-1,BT3,0
2005,eagan,E-19,DN,1
2005,eagan,E-19,BT1,1
2005,eagan,E-19,BT2,0
2005,eagan,E-19,BT3,0
2005,eagan,E-20,DN,0
2005,eagan,E-20,BT1,1
2005,eagan,E-20,BT2,0
2005,eagan,E-20,BT3,0
2005,hastings,H-56,DN,0
2005,hastings,H-56,BT1,0
2005,hastings,H-56,BT2,0
2005,hastings,H-56,BT3,0
2005,lakeville,L-8,DN,0
2005,lakeville,L-8,BT1,0
2005,lakeville,L-8,BT2,0
2005,lakeville,L-8,BT3,0
2005,lakeville,L-4,DN,0
2005,lakeville,L-4,BT1,0
2005,lakeville,L-4,BT2,0
2005,lakeville,L-4,BT3,0
2005,lakeville,L-9,DN,0
2005,lakeville,L-9,BT1,0
2005,lakeville,L-9,BT2,0
2005,lakeville,L-9,BT3,0
2005,mendota_heights,MH-2,DN,0
2005,mendota_heights,MH-2,BT1,0
2005,mendota_heights,MH-2,BT2,0
2005,mendota_heights,MH-2,BT3,0
2005,burnsville,B-3,DN,0
2005,burnsville,B-3,BT1,1
2005,burnsville,B-3,BT2,0
2005,burnsville,B-3,BT3,0
2005,farmington,F-1,DN,2
2005,farmington,F-1,BT1,4
2005,farmington,F-1,BT2,0
2005,farmington,F-1,BT3,0
2005,west_st_paul,WSP-1,DN,0
2005,west_st_paul,WSP-1,BT1,1
2005,west_st_paul,WSP-1,BT2,0
2005,west_st_paul,WSP-1,BT3,0
2005,apple_valley,AV-1,DN,1
2005,apple_valley,AV-1,BT1,2
2005,apple_valley,AV-1,BT2,3
2005,apple_valley,AV-1,BT3,4
2005,burnsville,B-1,DN,1
2005,burnsville,B-1,BT1,0
2005,burnsville,B-1,BT2,0
2005,burnsville,B-1,BT3,0
2005,eagan,E-10,DN,1
2005,eagan,E-10,BT1,1
2005,eagan,E-10,BT2,0
2005,eagan,E-10,BT3,0
2005,burnsville,B-11,DN,0
2005,burnsville,B-11,BT1,0
2005,burnsville,B-11,BT2,0
2005,burnsville,B-11,BT3,0
2006,rosemount,R-2,DN,1
2006,rosemount,R-2,BT1,0
2006,rosemount,R-2,BT2,0
2006,rosemount,R-2,BT3,0
2006,hastings,H-30,DN,0
2006,hastings,H-30,BT1,2
2006,hastings,H-30,BT2,1
2006,hastings,H-30,BT3,1
2006,burnsville,B-2,DN,5
2006,burnsville,B-2,BT1,0
2006,burnsville,B-2,BT2,0
2006,burnsville,B-2,BT3,0
2006,mendota_heights,MH-2,DN,1
2006,mendota_heights,MH-2,BT1,3
2006,mendota_heights,MH-2,BT2,0
2006,mendota_heights,MH-2,BT3,0
2006,rosemount,R-7,DN,1
2006,rosemount,R-7,BT1,0
2006,rosemount,R-7,BT2,0
2006,rosemount,R-7,BT3,2
2006,apple_valley,AV-1,DN,2
2006,apple_valley,AV-1,BT1,2
2006,apple_valley,AV-1,BT2,0
2006,apple_valley,AV-1,BT3,0
2006,apple_valley,AV-6,DN,1
2006,apple_valley,AV-6,BT1,2
2006,apple_valley,AV-6,BT2,0
2006,apple_valley,AV-6,BT3,0
2006,apple_valley,AV-8,DN,3
2006,apple_valley,AV-8,BT1,0
2006,apple_valley,AV-8,BT2,0
2006,apple_valley,AV-8,BT3,0
2006,apple_valley,AV-9,DN,1
2006,apple_valley,AV-9,BT1,2
2006,apple_valley,AV-9,BT2,0
2006,apple_valley,AV-9,BT3,0
2006,hastings,H-4,DN,11
2006,hastings,H-4,BT1,0
2006,hastings,H-4,BT2,0
2006,hastings,H-4,BT3,0
2006,burnsville,B-11,DN,1
2006,burnsville,B-11,BT1,2
2006,burnsville,B-11,BT2,0
2006,burnsville,B-11,BT3,0
2006,eagan,E-10,DN,0
2006,eagan,E-10,BT1,0
2006,eagan,E-10,BT2,0
2006,eagan,E-10,BT3,0
2006,lakeville,L-7,DN,0
2006,lakeville,L-7,BT1,0
2006,lakeville,L-7,BT2,0
2006,lakeville,L-7,BT3,0
2006,lakeville,L-8,DN,0
2006,lakeville,L-8,BT1,0
2006,lakeville,L-8,BT2,0
2006,lakeville,L-8,BT3,0
2006,rosemount,R-6,DN,0
2006,rosemount,R-6,BT1,0
2006,rosemount,R-6,BT2,0
2006,rosemount,R-6,BT3,0
2006,hastings,H-6,DN,0
2006,hastings,H-6,BT1,1
2006,hastings,H-6,BT2,2
2006,hastings,H-6,BT3,0
2006,burnsville,B-10,DN,2
2006,burnsville,B-10,BT1,1
2006,burnsville,B-10,BT2,0
2006,burnsville,B-10,BT3,0
2006,mendota_heights,MH-10,DN,0
2006,mendota_heights,MH-10,BT1,0
2006,mendota_heights,MH-10,BT2,0
2006,mendota_heights,MH-10,BT3,0
2006,burnsville,B-3,DN,0
2006,burnsville,B-3,BT1,0
2006,burnsville,B-3,BT2,0
2006,burnsville,B-3,BT3,0
2006,burnsville,B-11,DN,12
2006,burnsville,B-11,BT1,36
2006,burnsville,B-11,BT2,0
2006,burnsville,B-11,BT3,0
2006,west_st_paul,WSP-2,DN,0
2006,west_st_paul,WSP-2,BT1,0
2006,west_st_paul,WSP-2,BT2,0
2006,west_st_paul,WSP-2,BT3,0
2006,eagan,E-23,DN,0
2006,eagan,E-23,BT1,3
2006,eagan,E-23,BT2,1
2006,eagan,E-23,BT3,2
2006,hastings,H-6,DN,0
2006,hastings,H-6,BT1,0
2006,hastings,H-6,BT2,0
2006,hastings,H-6,BT3,0
2006,hastings,H-56,DN,1
2006,hastings,H-56,BT1,0
2006,hastings,H-56,BT2,0
2006,hastings,H-56,BT3,0
2006,eagan,E-10,DN,0
2006,eagan,E-10,BT1,3
2006,eagan,E-10,BT2,0
2006,eagan,E-10,BT3,0
2006,farmington,F-4,DN,0
2006,farmington,F-4,BT1,0
2006,farmington,F-4,BT2,0
2006,farmington,F-4,BT3,0
2006,farmington,F-3,DN,0
2006,farmington,F-3,BT1,0
2006,farmington,F-3,BT2,0
2006,farmington,F-3,BT3,0
2006,mendota_heights,MH-2,DN,1
2006,mendota_heights,MH-2,BT1,1
2006,mendota_heights,MH-2,BT2,0
2006,mendota_heights,MH-2,BT3,0
2006,lakeville,L-9,DN,0
2006,lakeville,L-9,BT1,0
2006,lakeville,L-9,BT2,0
2006,lakeville,L-9,BT3,0
2006,apple_valley,AV-9,DN,0
2006,apple_valley,AV-9,BT1,2
2006,apple_valley,AV-9,BT2,0
2006,apple_valley,AV-9,BT3,0
2006,rosemount,R-6,DN,2
2006,rosemount,R-6,BT1,3
2006,rosemount,R-6,BT2,0
2006,rosemount,R-6,BT3,3
2006,eagan,E-22,DN,1
2006,eagan,E-22,BT1,1
2006,eagan,E-22,BT2,0
2006,eagan,E-22,BT3,0
2006,eagan,E-21,DN,2
2006,eagan,E-21,BT1,2
2006,eagan,E-21,BT2,0
2006,eagan,E-21,BT3,0
2006,rosemount,R-3,DN,0
2006,rosemount,R-3,BT1,0
2006,rosemount,R-3,BT2,0
2006,rosemount,R-3,BT3,0
2006,lakeville,L-7,DN,1
2006,lakeville,L-7,BT1,2
2006,lakeville,L-7,BT2,0
2006,lakeville,L-7,BT3,0
2007,apple_valley,AV-4,DN,2
2007,apple_valley,AV-4,BT1,0
2007,apple_valley,AV-4,BT2,0
2007,apple_valley,AV-4,BT3,0
2007,apple_valley,AV-9,DN,2
2007,apple_valley,AV-9,BT1,0
2007,apple_valley,AV-9,BT2,0
2007,apple_valley,AV-9,BT3,0
2007,apple_valley,AV-10,DN,0
2007,apple_valley,AV-10,BT1,0
2007,apple_valley,AV-10,BT2,0
2007,apple_valley,AV-10,BT3,0
2007,apple_valley,AV-12,DN,2
2007,apple_valley,AV-12,BT1,0
2007,apple_valley,AV-12,BT2,0
2007,apple_valley,AV-12,BT3,0
2007,lakeville,L-7,DN,0
2007,lakeville,L-7,BT1,0
2007,lakeville,L-7,BT2,0
2007,lakeville,L-7,BT3,0
2007,hastings,H-30,DN,1
2007,hastings,H-30,BT1,2
2007,hastings,H-30,BT2,0
2007,hastings,H-30,BT3,1
2007,burnsville,B-1,DN,2
2007,burnsville,B-1,BT1,2
2007,burnsville,B-1,BT2,0
2007,burnsville,B-1,BT3,0
2007,apple_valley,AV-9,DN,1
2007,apple_valley,AV-9,BT1,0
2007,apple_valley,AV-9,BT2,0
2007,apple_valley,AV-9,BT3,0
2007,lakeville,L-8,DN,0
2007,lakeville,L-8,BT1,1
2007,lakeville,L-8,BT2,0
2007,lakeville,L-8,BT3,0
2007,lakeville,L-7,DN,1
2007,lakeville,L-7,BT1,1
2007,lakeville,L-7,BT2,1
2007,lakeville,L-7,BT3,0
2007,mendota_heights,MH-2,DN,4
2007,mendota_heights,MH-2,BT1,2
2007,mendota_heights,MH-2,BT2,0
2007,mendota_heights,MH-2,BT3,0
2007,rosemount,R-1,DN,1
2007,rosemount,R-1,BT1,0
2007,rosemount,R-1,BT2,0
2007,rosemount,R-1,BT3,0
2007,hastings,H-4,DN,1
2007,hastings,H-4,BT1,0
2007,hastings,H-4,BT2,0
2007,hastings,H-4,BT3,0
2007,rosemount,R-17,DN,0
2007,rosemount,R-17,BT1,0
2007,rosemount,R-17,BT2,0
2007,rosemount,R-17,BT3,0
2007,hastings,H-6,DN,0
2007,hastings,H-6,BT1,1
2007,hastings,H-6,BT2,1
2007,hastings,H-6,BT3,1
2007,eagan,E-10,DN,1
2007,eagan,E-10,BT1,0
2007,eagan,E-10,BT2,0
2007,eagan,E-10,BT3,0
2007,eagan,E-7,DN,2
2007,eagan,E-7,BT1,1
2007,eagan,E-7,BT2,0
2007,eagan,E-7,BT3,0
2007,west_st_paul,WSP-2,DN,1
2007,west_st_paul,WSP-2,BT1,0
2007,west_st_paul,WSP-2,BT2,0
2007,west_st_paul,WSP-2,BT3,0
2007,burnsville,B-6,DN,0
2007,burnsville,B-6,BT1,2
2007,burnsville,B-6,BT2,0
2007,burnsville,B-6,BT3,0
2007,lakeville,L-9,DN,0
2007,lakeville,L-9,BT1,0
2007,lakeville,L-9,BT2,0
2007,lakeville,L-9,BT3,0
2007,rosemount,R-10,DN,2
2007,rosemount,R-10,BT1,2
2007,rosemount,R-10,BT2,0
2007,rosemount,R-10,BT3,0
2007,rosemount,R-15,DN,0
2007,rosemount,R-15,BT1,0
2007,rosemount,R-15,BT2,0
2007,rosemount,R-15,BT3,0
2007,farmington,F-3,DN,0
2007,farmington,F-3,BT1,0
2007,farmington,F-3,BT2,0
2007,farmington,F-3,BT3,0
2007,farmington,F-4,DN,0
2007,farmington,F-4,BT1,0
2007,farmington,F-4,BT2,0
2007,farmington,F-4,BT3,0
2007,hastings,H-6,DN,0
2007,hastings,H-6,BT1,2
2007,hastings,H-6,BT2,0
2007,hastings,H-6,BT3,0
2007,hastings,H-56,DN,0
2007,hastings,H-56,BT1,0
2007,hastings,H-56,BT2,0
2007,hastings,H-56,BT3,0
2007,mendota_heights,MH-11,DN,3
2007,mendota_heights,MH-11,BT1,1
2007,mendota_heights,MH-11,BT2,0
2007,mendota_heights,MH-11,BT3,0
2007,eagan,E-9,DN,2
2007,eagan,E-9,BT1,2
2007,eagan,E-9,BT2,3
2007,eagan,E-9,BT3,1
2007,eagan,E-9,DN,0
2007,eagan,E-9,BT1,0
2007,eagan,E-9,BT2,0
2007,eagan,E-9,BT3,0
2007,eagan,E-24,DN,1
2007,eagan,E-24,BT1,1
2007,eagan,E-24,BT2,1
2007,eagan,E-24,BT3,0
2007,mendota_heights,MH-2,DN,0
2007,mendota_heights,MH-2,BT1,0
2007,mendota_heights,MH-2,BT2,0
2007,mendota_heights,MH-2,BT3,10
2007,burnsville,B-1,DN,2
2007,burnsville,B-1,BT1,1
2007,burnsville,B-1,BT2,0
2007,burnsville,B-1,BT3,2
2007,farmington,F-?,DN,0
2007,farmington,F-?,BT1,0
2007,farmington,F-?,BT2,0
2007,farmington,F-?,BT3,0
2007,rosemount,R-1,DN,0
2007,rosemount,R-1,BT1,0
2007,rosemount,R-1,BT2,0
2007,rosemount,R-1,BT3,0
2007,burnsville,B-3,DN,0
2007,burnsville,B-3,BT1,0
2007,burnsville,B-3,BT2,0
2007,burnsville,B-3,BT3,0
2008,hastings,H-30,DN,0
2008,hastings,H-30,BT1,2
2008,hastings,H-30,BT2,2
2008,hastings,H-30,BT3,1
2008,apple_valley,AV-13,DN,2
2008,apple_valley,AV-13,BT1,1
2008,apple_valley,AV-13,BT2,1
2008,apple_valley,AV-13,BT3,0
2008,apple_valley,AV-12,DN,2
2008,apple_valley,AV-12,BT1,1
2008,apple_valley,AV-12,BT2,0
2008,apple_valley,AV-12,BT3,0
2008,apple_valley,AV-1,DN,1
2008,apple_valley,AV-1,BT1,1
2008,apple_valley,AV-1,BT2,2
2008,apple_valley,AV-1,BT3,1
2008,rosemount,R-4,DN,0
2008,rosemount,R-4,BT1,0
2008,rosemount,R-4,BT2,0
2008,rosemount,R-4,BT3,0
2008,eagan,E-10,DN,2
2008,eagan,E-10,BT1,1
2008,eagan,E-10,BT2,0
2008,eagan,E-10,BT3,0
2008,hastings,H-4,DN,2
2008,hastings,H-4,BT1,0
2008,hastings,H-4,BT2,0
2008,hastings,H-4,BT3,0
2008,apple_valley,AV-14,DN,0
2008,apple_valley,AV-14,BT1,0
2008,apple_valley,AV-14,BT2,0
2008,apple_valley,AV-14,BT3,0
2008,hastings,H-6,DN,1
2008,hastings,H-6,BT1,0
2008,hastings,H-6,BT2,1
2008,hastings,H-6,BT3,0
2008,lakeville,L-8,DN,0
2008,lakeville,L-8,BT1,0
2008,lakeville,L-8,BT2,0
2008,lakeville,L-8,BT3,0
2008,lakeville,L-7,DN,0
2008,lakeville,L-7,BT1,0
2008,lakeville,L-7,BT2,0
2008,lakeville,L-7,BT3,0
2008,lakeville,L-4,DN,0
2008,lakeville,L-4,BT1,0
2008,lakeville,L-4,BT2,0
2008,lakeville,L-4,BT3,0
2008,rosemount,R-5,DN,2
2008,rosemount,R-5,BT1,5
2008,rosemount,R-5,BT2,0
2008,rosemount,R-5,BT3,0
2008,west_st_paul,WSP-2,DN,1
2008,west_st_paul,WSP-2,BT1,1
2008,west_st_paul,WSP-2,BT2,0
2008,west_st_paul,WSP-2,BT3,0
2008,rosemount,R-1,DN,0
2008,rosemount,R-1,BT1,0
2008,rosemount,R-1,BT2,0
2008,rosemount,R-1,BT3,0
2008,rosemount,R-14,DN,0
2008,rosemount,R-14,BT1,0
2008,rosemount,R-14,BT2,0
2008,rosemount,R-14,BT3,0
2008,apple_valley,AV-1,DN,0
2008,apple_valley,AV-1,BT1,4
2008,apple_valley,AV-1,BT2,0
2008,apple_valley,AV-1,BT3,0
2008,hastings,H-56,DN,0
2008,hastings,H-56,BT1,0
2008,hastings,H-56,BT2,1
2008,hastings,H-56,BT3,0
2008,mendota_heights,MH-2,DN,1
2008,mendota_heights,MH-2,BT1,0
2008,mendota_heights,MH-2,BT2,0
2008,mendota_heights,MH-2,BT3,0
2008,mendota_heights,MH-13,DN,3
2008,mendota_heights,MH-13,BT1,3
2008,mendota_heights,MH-13,BT2,0
2008,mendota_heights,MH-13,BT3,0
2008,burnsville,B-1,DN,0
2008,burnsville,B-1,BT1,0
2008,burnsville,B-1,BT2,0
2008,burnsville,B-1,BT3,0
2008,eagan,E-22,DN,2
2008,eagan,E-22,BT1,2
2008,eagan,E-22,BT2,0
2008,eagan,E-22,BT3,1
2008,eagan,E-21,DN,1
2008,eagan,E-21,BT1,1
2008,eagan,E-21,BT2,2
2008,eagan,E-21,BT3,1
2008,burnsville,B-6,DN,0
2008,burnsville,B-6,BT1,0
2008,burnsville,B-6,BT2,0
2008,burnsville,B-6,BT3,0
2008,burnsville,B-1,DN,1
2008,burnsville,B-1,BT1,0
2008,burnsville,B-1,BT2,1
2008,burnsville,B-1,BT3,3
2008,farmington,F-1,DN,0
2008,farmington,F-1,BT1,0
2008,farmington,F-1,BT2,0
2008,farmington,F-1,BT3,0
2008,hastings,H-6,DN,0
2008,hastings,H-6,BT1,0
2008,hastings,H-6,BT2,0
2008,hastings,H-6,BT3,0
2008,lakeville,L-9,DN,0
2008,lakeville,L-9,BT1,0
2008,lakeville,L-9,BT2,0
2008,lakeville,L-9,BT3,0
2008,farmington,F-4,DN,0
2008,farmington,F-4,BT1,0
2008,farmington,F-4,BT2,0
2008,farmington,F-4,BT3,0
2008,farmington,F-3,DN,0
2008,farmington,F-3,BT1,0
2008,farmington,F-3,BT2,0
2008,farmington,F-3,BT3,0
2008,lakeville,L-7,DN,2
2008,lakeville,L-7,BT1,0
2008,lakeville,L-7,BT2,0
2008,lakeville,L-7,BT3,2
2008,eagan,E-10,DN,2
2008,eagan,E-10,BT1,2
2008,eagan,E-10,BT2,0
2008,eagan,E-10,BT3,0
2008,eagan,E-25,DN,1
2008,eagan,E-25,BT1,1
2008,eagan,E-25,BT2,0
2008,eagan,E-25,BT3,1
2008,mendota_heights,MH-2,DN,1
2008,mendota_heights,MH-2,BT1,1
2008,mendota_heights,MH-2,BT2,2
2008,mendota_heights,MH-2,BT3,0
2008,rosemount,R-18,DN,0
2008,rosemount,R-18,BT1,0
2008,rosemount,R-18,BT2,0
2008,rosemount,R-18,BT3,0
2008,burnsville,B-3,DN,0
2008,burnsville,B-3,BT1,0
2008,burnsville,B-3,BT2,0
2008,burnsville,B-3,BT3,0
2009,west_st_paul,WSP-2,DN,1
2009,west_st_paul,WSP-2,BT1,0
2009,west_st_paul,WSP-2,BT2,0
2009,west_st_paul,WSP-2,BT3,0
2009,rosemount,R-20,DN,0
2009,rosemount,R-20,BT1,0
2009,rosemount,R-20,BT2,0
2009,rosemount,R-20,BT3,0
2009,apple_valley,AV-1,DN,1
2009,apple_valley,AV-1,BT1,1
2009,apple_valley,AV-1,BT2,2
2009,apple_valley,AV-1,BT3,0
2009,eagan,E-26,DN,1
2009,eagan,E-26,BT1,0
2009,eagan,E-26,BT2,2
2009,eagan,E-26,BT3,2
2009,eagan,E-28,DN,1
2009,eagan,E-28,BT1,1
2009,eagan,E-28,BT2,2
2009,eagan,E-28,BT3,1
2009,hastings,H-30,DN,0
2009,hastings,H-30,BT1,2
2009,hastings,H-30,BT2,0
2009,hastings,H-30,BT3,0
2009,lakeville,L-7,DN,0
2009,lakeville,L-7,BT1,0
2009,lakeville,L-7,BT2,0
2009,lakeville,L-7,BT3,0
2009,mendota_heights,MH-2,DN,1
2009,mendota_heights,MH-2,BT1,5
2009,mendota_heights,MH-2,BT2,2
2009,mendota_heights,MH-2,BT3,1
2009,apple_valley,AV-1,DN,1
2009,apple_valley,AV-1,BT1,3
2009,apple_valley,AV-1,BT2,0
2009,apple_valley,AV-1,BT3,0
2009,hastings,H-6,DN,2
2009,hastings,H-6,BT1,1
2009,hastings,H-6,BT2,0
2009,hastings,H-6,BT3,1
2009,burnsville,B-13,BT,0
2009,burnsville,B-13,DN,0
2009,rosemount,R-21,DN,0
2009,rosemount,R-21,BT1,0
2009,rosemount,R-21,BT2,0
2009,rosemount,R-21,BT3,0
2009,rosemount,R-22,DN,0
2009,rosemount,R-22,BT1,0
2009,rosemount,R-22,BT2,0
2009,rosemount,R-22,BT3,0
2009,burnsville,B-3,BT,0
2009,burnsville,B-3,DN,0
2009,farmington,F-4,DN,0
2009,farmington,F-4,BT1,0
2009,farmington,F-4,BT2,0
2009,farmington,F-4,BT3,0
2009,eagan,E-27,DN,0
2009,eagan,E-27,BT1,1
2009,eagan,E-27,BT2,1
2009,eagan,E-27,BT3,1
2009,farmington,F-3,DN,0
2009,farmington,F-3,BT1,0
2009,farmington,F-3,BT2,0
2009,farmington,F-3,BT3,0
2009,hastings,H-6,DN,2
2009,hastings,H-6,BT1,1
2009,hastings,H-6,BT2,1
2009,hastings,H-6,BT3,0
2009,mendota_heights,MH-13,DN,1
2009,mendota_heights,MH-13,BT1,3
2009,mendota_heights,MH-13,BT2,0
2009,mendota_heights,MH-13,BT3,0
2009,burnsville,B-11,BT,0
2009,burnsville,B-11,DN,0
2009,farmington,F-4,DN,0
2009,farmington,F-4,BT1,0
2009,farmington,F-4,BT2,0
2009,farmington,F-4,BT3,0
2009,south_st_paul,SSP-1,DN,0
2009,south_st_paul,SSP-1,BT1,0
2009,south_st_paul,SSP-1,BT2,0
2009,south_st_paul,SSP-1,BT3,0
2009,eagan,E-27,DN,0
2009,lakeville,L-4,DN,0
2009,lakeville,L-4,BT1,0
2009,lakeville,L-4,BT2,0
2009,lakeville,L-4,BT3,0
2009,lakeville,L-9,DN,0
2009,lakeville,L-9,BT1,0
2009,lakeville,L-9,BT2,0
2009,lakeville,L-9,BT3,0
2009,rosemount,R-20,DN,0
2009,rosemount,R-20,BT1,0
2009,rosemount,R-20,BT2,0
2009,rosemount,R-20,BT3,0
2009,apple_valley,AV-8,DN,4
2009,apple_valley,AV-8,BT1,2
2009,apple_valley,AV-8,BT2,3
2009,apple_valley,AV-8,BT3,2
2009,eagan,E-27,BT,0
2009,lakeville,L-7,DN,0
2009,lakeville,L-7,BT1,0
2009,lakeville,L-7,BT2,0
2009,lakeville,L-7,BT3,0
2009,mendota_heights,MH-2,DN,2
2009,mendota_heights,MH-2,BT1,3
2009,mendota_heights,MH-2,BT2,0
2009,mendota_heights,MH-2,BT3,0
2009,apple_valley,AV-15,DN,2
2009,apple_valley,AV-15,BT1,2
2009,apple_valley,AV-15,BT2,0
2009,apple_valley,AV-15,BT3,0
2009,hastings,H-56,DN,3
2009,hastings,H-56,BT1,2
2009,hastings,H-56,BT2,3
2009,hastings,H-56,BT3,1
2009,south_st_paul,SSP-3,DN,1
2009,south_st_paul,SSP-3,BT1,2
2009,south_st_paul,SSP-3,BT2,0
2009,south_st_paul,SSP-3,BT3,0
2009,hastings,H-4,DN,0
2009,hastings,H-4,BT1,0
2009,hastings,H-4,BT2,0
2009,hastings,H-4,BT3,0
2009,burnsville,B-1,DN,0
2009,lakeville,L-8,DN,0
2009,lakeville,L-8,BT1,0
2009,lakeville,L-8,BT2,0
2009,lakeville,L-8,BT3,0
2009,rosemount,R-2,DN,0
2009,rosemount,R-2,BT1,0
2009,rosemount,R-2,BT2,0
2009,rosemount,R-2,BT3,0
2010,rosemount,R-20,DN,1
2010,rosemount,R-20,BT1,1
2010,rosemount,R-20,BT2,0
2010,rosemount,R-20,BT3,0
2010,hastings,H-4,DN,1
2010,hastings,H-4,BT1,0
2010,hastings,H-4,BT2,0
2010,hastings,H-4,BT3,0
2010,south_st_paul,SSP-1,DN,2
2010,south_st_paul,SSP-1,BT1,0
2010,south_st_paul,SSP-1,BT2,0
2010,south_st_paul,SSP-1,BT3,0
2010,hastings,H-6,DN,2
2010,hastings,H-6,BT1,0
2010,hastings,H-6,BT2,0
2010,hastings,H-6,BT3,1
2010,mendota_heights,MH-2,DN,0
2010,mendota_heights,MH-2,BT1,0
2010,mendota_heights,MH-2,BT2,0
2010,mendota_heights,MH-2,BT3,0
2010,apple_valley,AV-1,DN,4
2010,apple_valley,AV-1,BT1,0
2010,apple_valley,AV-1,BT2,0
2010,apple_valley,AV-1,BT3,0
2010,apple_valley,AV-17,DN,3
2010,apple_valley,AV-17,BT1,2
2010,apple_valley,AV-17,BT2,0
2010,apple_valley,AV-17,BT3,0
2010,rosemount,R-21,DN,2
2010,rosemount,R-21,BT1,2
2010,rosemount,R-21,BT2,0
2010,rosemount,R-21,BT3,0
2010,rosemount,R-22,DN,2
2010,rosemount,R-22,BT1,1
2010,rosemount,R-22,BT2,0
2010,rosemount,R-22,BT3,0
2010,apple_valley,AV-17B,DN,2
2010,apple_valley,AV-17B,BT1,2
2010,apple_valley,AV-17B,BT2,0
2010,apple_valley,AV-17B,BT3,0
2010,burnsville,B-9,BT,0
2010,burnsville,B-9,DN,0
2010,lakeville,L-7,DN,0
2010,lakeville,L-7,BT1,0
2010,lakeville,L-7,BT2,0
2010,lakeville,L-7,BT3,0
2010,lakeville,L-8,DN,0
2010,lakeville,L-8,BT1,0
2010,lakeville,L-8,BT2,0
2010,lakeville,L-8,BT3,0
2010,apple_valley,AV-1,DN,1
2010,apple_valley,AV-1,BT1,1
2010,apple_valley,AV-1,BT2,2
2010,apple_valley,AV-1,BT3,0
2010,apple_valley,AV-18,DN,2
2010,apple_valley,AV-18,BT1,1
2010,apple_valley,AV-18,BT2,0
2010,apple_valley,AV-18,BT3,0
2010,farmington,F-3,DN,0
2010,farmington,F-3,BT1,0
2010,farmington,F-3,BT2,0
2010,farmington,F-3,BT3,0
2010,farmington,F-4,DN,0
2010,farmington,F-4,BT1,0
2010,farmington,F-4,BT2,0
2010,farmington,F-4,BT3,0
2010,burnsville,B-1,BT,0
2010,burnsville,B-1,DN,0
2010,rosemount,R-23,DN,1
2010,rosemount,R-23,BT1,0
2010,rosemount,R-23,BT2,0
2010,rosemount,R-23,BT3,0
2010,eagan,E-22,DN,5
2010,eagan,E-22,BT1,3
2010,eagan,E-22,BT2,1
2010,eagan,E-22,BT3,2
2010,eagan,E-21,DN,3
2010,eagan,E-21,BT1,1
2010,eagan,E-21,BT2,3
2010,eagan,E-21,BT3,2
2010,farmington,F-3,DN,0
2010,farmington,F-3,BT1,0
2010,farmington,F-3,BT2,0
2010,farmington,F-3,BT3,0
2010,burnsville,B-3,BT,0
2010,burnsville,B-3,DN,0
2010,west_st_paul,WSP-2,DN,1
2010,west_st_paul,WSP-2,BT1,1
2010,west_st_paul,WSP-2,BT2,0
2010,west_st_paul,WSP-2,BT3,0
2010,mendota_heights,MH-14,DN,1
2010,mendota_heights,MH-14,BT1,2
2010,mendota_heights,MH-14,BT2,0
2010,mendota_heights,MH-14,BT3,0
2010,eagan,E-31,DN,3
2010,eagan,E-31,BT1,0
2010,eagan,E-31,BT2,0
2010,eagan,E-31,BT3,0
2010,eagan,E-29,DN,2
2010,eagan,E-29,BT1,0
2010,eagan,E-29,BT2,0
2010,eagan,E-29,BT3,0
2010,hastings,H-30,DN,1
2010,hastings,H-30,BT1,0
2010,hastings,H-30,BT2,2
2010,hastings,H-30,BT3,2
2010,burnsville,B-1,DN,0
2010,burnsville,B-1,BT1,0
2010,burnsville,B-1,BT2,0
2010,burnsville,B-1,BT3,0
2010,lakeville,L-9,DN,0
2010,lakeville,L-9,BT1,0
2010,lakeville,L-9,BT2,0
2010,lakeville,L-9,BT3,0
2010,lakeville,L-10,DN,0
2010,lakeville,L-10,BT1,0
2010,lakeville,L-10,BT2,0
2010,lakeville,L-10,BT3,0
2010,lakeville,L-8,DN,0
2010,hastings,H-56,DN,2
2010,hastings,H-56,BT1,3
2010,hastings,H-56,BT2,2
2010,hastings,H-56,BT3,4
2010,hastings,H-6,DN,1
2010,hastings,H-6,BT1,1
2010,hastings,H-6,BT2,0
2010,hastings,H-6,BT3,0
2010,rosemount,R-23,DN,1
2010,rosemount,R-23,BT1,0
2010,rosemount,R-23,BT2,0
2010,rosemount,R-23,BT3,1
2010,eagan,E-29,DN,0
2010,eagan,E-29,BT1,0
2010,eagan,E-29,BT2,0
2010,eagan,E-29,BT3,0
2010,mendota_heights,MH-2,DN,0
2010,mendota_heights,MH-2,BT1,0
2010,mendota_heights,MH-2,BT2,1
2010,mendota_heights,MH-2,BT3,2
2010,south_st_paul,SSP-3,DN,1
2010,south_st_paul,SSP-3,BT1,6
2010,south_st_paul,SSP-3,BT2,0
2010,south_st_paul,SSP-3,BT3,0
2010,burnsville,B-17,BT,0
2010,burnsville,B-17,DN,0
2011,hastings,H-4,DN,1
2011,hastings,H-4,BT1,1
2011,hastings,H-4,BT2,0
2011,hastings,H-4,BT3,0
2011,west_st_paul,WSP-2,DN,1
2011,west_st_paul,WSP-2,BT1,0
2011,west_st_paul,WSP-2,BT2,0
2011,west_st_paul,WSP-2,BT3,0
2011,burnsville,B-1,DN,1
2011,burnsville,B-1,BT1,1
2011,burnsville,B-1,BT2,0
2011,burnsville,B-1,BT3,0
2011,rosemount,R-23,DN,1
2011,rosemount,R-23,BT1,1
2011,rosemount,R-23,BT2,0
2011,rosemount,R-23,BT3,0
2011,lakeville,L-7,DN,0
2011,lakeville,L-7,BT1,0
2011,lakeville,L-7,BT2,0
2011,lakeville,L-7,BT3,0
2011,lakeville,L-8,DN,0
2011,lakeville,L-8,BT1,0
2011,lakeville,L-8,BT2,0
2011,lakeville,L-8,BT3,0
2011,hastings,H-6,DN,0
2011,hastings,H-6,BT1,1
2011,hastings,H-6,BT2,1
2011,hastings,H-6,BT3,0
2011,rosemount,R-14,DN,2
2011,rosemount,R-14,BT1,3
2011,rosemount,R-14,BT2,0
2011,rosemount,R-14,BT3,0
2011,apple_valley,AV-1,DN,0
2011,apple_valley,AV-1,BT1,0
2011,apple_valley,AV-1,BT2,0
2011,apple_valley,AV-1,BT3,0
2011,apple_valley,AV-6,DN,1
2011,apple_valley,AV-6,BT1,1
2011,apple_valley,AV-6,BT2,0
2011,apple_valley,AV-6,BT3,0
2011,south_st_paul,SSP-1,DN,0
2011,south_st_paul,SSP-1,BT1,0
2011,south_st_paul,SSP-1,BT2,0
2011,south_st_paul,SSP-1,BT3,0
2011,eagan,E-18,DN,2
2011,eagan,E-18,BT1,4
2011,eagan,E-18,BT2,0
2011,eagan,E-18,BT3,0
2011,apple_valley,AV-7,DN,2
2011,apple_valley,AV-7,BT1,2
2011,apple_valley,AV-7,BT2,0
2011,apple_valley,AV-7,BT3,0
2011,burnsville,B-3,DN,0
2011,burnsville,B-3,BT1,1
2011,burnsville,B-3,BT2,0
2011,burnsville,B-3,BT3,0
2011,rosemount,R-21,DN,3
2011,rosemount,R-21,BT1,3
2011,rosemount,R-21,BT2,0
2011,rosemount,R-21,BT3,0
2011,lakeville,L-9,DN,0
2011,lakeville,L-9,BT1,0
2011,lakeville,L-9,BT2,0
2011,lakeville,L-9,BT3,0
2011,lakeville,L-10,DN,0
2011,lakeville,L-10,BT1,0
2011,lakeville,L-10,BT2,0
2011,lakeville,L-10,BT3,0
2011,apple_valley,AV-1,DN,0
2011,apple_valley,AV-1,BT1,0
2011,apple_valley,AV-1,BT2,0
2011,apple_valley,AV-1,BT3,0
2011,mendota_heights,MH-2,DN,1
2011,mendota_heights,MH-2,BT1,0
2011,mendota_heights,MH-2,BT2,0
2011,mendota_heights,MH-2,BT3,0
2011,rosemount,R-25,DN,1
2011,rosemount,R-25,BT1,1
2011,rosemount,R-25,BT2,0
2011,rosemount,R-25,BT3,0
2011,eagan,E-32,DN,0
2011,eagan,E-32,BT1,0
2011,eagan,E-32,BT2,0
2011,eagan,E-32,BT3,0
2011,farmington,F-3,DN,0
2011,farmington,F-3,BT1,0
2011,farmington,F-3,BT2,0
2011,farmington,F-3,BT3,0
2011,farmington,F-5,DN,1
2011,farmington,F-5,BT1,1
2011,farmington,F-5,BT2,1
2011,farmington,F-5,BT3,3
2011,farmington,F-6,DN,3
2011,farmington,F-6,BT1,1
2011,farmington,F-6,BT2,2
2011,farmington,F-6,BT3,1
2011,hastings,H-30,DN,2
2011,hastings,H-30,BT1,3
2011,hastings,H-30,BT2,2
2011,hastings,H-30,BT3,2
2011,burnsville,B-1,DN,2
2011,burnsville,B-1,BT1,3
2011,burnsville,B-1,BT2,0
2011,burnsville,B-1,BT3,0
2011,apple_valley,AV-5,DN,3
2011,apple_valley,AV-5,BT1,2
2011,apple_valley,AV-5,BT2,0
2011,apple_valley,AV-5,BT3,0
2011,burnsville,B-8,DN,1
2011,burnsville,B-8,BT1,1
2011,burnsville,B-8,BT2,1
2011,burnsville,B-8,BT3,0
2011,mendota_heights,MH-2,DN,1
2011,mendota_heights,MH-2,BT1,1
2011,mendota_heights,MH-2,BT2,0
2011,mendota_heights,MH-2,BT3,0
2011,south_st_paul,SSP-3,DN,0
2011,south_st_paul,SSP-3,BT1,0
2011,south_st_paul,SSP-3,BT2,0
2011,south_st_paul,SSP-3,BT3,0
2011,lakeville,L-8,DN,3
2011,lakeville,L-8,BT1,0
2011,lakeville,L-8,BT2,0
2011,lakeville,L-8,BT3,0
2011,hastings,H-56,DN,2
2011,hastings,H-56,BT1,3
2011,hastings,H-56,BT2,2
2011,hastings,H-56,BT3,0
2011,eagan,E-20,DN,0
2011,eagan,E-20,BT1,3
2011,eagan,E-20,BT2,0
2011,eagan,E-20,BT3,0
2011,mendota_heights,MH-15,DN,1
2011,mendota_heights,MH-15,BT1,0
2011,mendota_heights,MH-15,BT2,0
2011,mendota_heights,MH-15,BT3,0
2011,burnsville,B-7,DN,1
2011,burnsville,B-7,BT1,1
2011,burnsville,B-7,BT2,0
2011,burnsville,B-7,BT3,0
2011,farmington,F-6,DN,5
2011,farmington,F-6,BT1,1
2011,farmington,F-6,BT2,0
2011,farmington,F-6,BT3,0
2011,hastings,H-6,DN,1
2011,hastings,H-6,BT1,0
2011,hastings,H-6,BT2,0
2011,hastings,H-6,BT3,0
2011,rosemount,R-25,DN,2
2011,rosemount,R-25,BT1,1
2011,rosemount,R-25,BT2,0
2011,rosemount,R-25,BT3,0
2011,eagan,E-18,DN,2
2011,eagan,E-18,BT1,3
2011,eagan,E-18,BT2,4
2011,eagan,E-18,BT3,2
2012,hastings,H-4,DN,1
2012,hastings,H-4,BT1,0
2012,hastings,H-4,BT2,0
2012,hastings,H-4,BT3,0
2012,apple_valley,AV-13,DN,3
2012,apple_valley,AV-13,BT1,1
2012,apple_valley,AV-13,BT2,0
2012,apple_valley,AV-13,BT3,0
2012,apple_valley,AV-17,DN,2
2012,apple_valley,AV-17,BT1,1
2012,apple_valley,AV-17,BT2,0
2012,apple_valley,AV-17,BT3,0
2012,south_st_paul,SSP-1,DN,0
2012,south_st_paul,SSP-1,BT1,0
2012,south_st_paul,SSP-1,BT2,0
2012,south_st_paul,SSP-1,BT3,0
2012,farmington,F-3,DN,0
2012,farmington,F-3,BT1,0
2012,farmington,F-3,BT2,0
2012,farmington,F-3,BT3,0
2012,farmington,F-5,DN,1
2012,farmington,F-5,BT1,1
2012,farmington,F-5,BT2,1
2012,farmington,F-5,BT3,0
2012,farmington,F-6,DN,2
2012,farmington,F-6,BT1,1
2012,farmington,F-6,BT2,1
2012,farmington,F-6,BT3,0
2012,hastings,H-6,DN,2
2012,hastings,H-6,BT1,1
2012,hastings,H-6,BT2,0
2012,hastings,H-6,BT3,0
2012,burnsville,B-1,DN,0
2012,burnsville,B-1,BT1,1
2012,burnsville,B-1,BT2,0
2012,burnsville,B-1,BT3,0
2012,burnsville,B-6,DN,0
2012,burnsville,B-6,BT1,1
2012,burnsville,B-6,BT2,0
2012,burnsville,B-6,BT3,0
2012,hastings,H-6,DN,0
2012,hastings,H-6,BT1,1
2012,hastings,H-6,BT2,0
2012,hastings,H-6,BT3,0
2012,west_st_paul,WSP-2,DN,1
2012,west_st_paul,WSP-2,BT1,0
2012,west_st_paul,WSP-2,BT2,0
2012,west_st_paul,WSP-2,BT3,0
2012,rosemount,R-1,DN,1
2012,rosemount,R-1,BT1,1
2012,rosemount,R-1,BT2,1
2012,rosemount,R-1,BT3,0
2012,lakeville,L-7,DN,0
2012,lakeville,L-7,BT1,0
2012,lakeville,L-7,BT2,0
2012,lakeville,L-7,BT3,0
2012,lakeville,L-8,DN,0
2012,lakeville,L-8,BT1,0
2012,lakeville,L-8,BT2,0
2012,lakeville,L-8,BT3,0
2012,eagan,E-11,DN,0
2012,eagan,E-11,BT1,0
2012,eagan,E-11,BT2,0
2012,eagan,E-11,BT3,0
2012,hastings,H-56,DN,2
2012,hastings,H-56,BT1,1
2012,hastings,H-56,BT2,0
2012,hastings,H-56,BT3,0
2012,mendota_heights,MH-2,DN,0
2012,mendota_heights,MH-2,BT1,1
2012,mendota_heights,MH-2,BT2,0
2012,mendota_heights,MH-2,BT3,0
2012,rosemount,R-21,DN,2
2012,rosemount,R-21,BT1,2
2012,rosemount,R-21,BT2,0
2012,rosemount,R-21,BT3,0
2012,south_st_paul,SSP-3,DN,3
2012,south_st_paul,SSP-3,BT1,4
2012,south_st_paul,SSP-3,BT2,0
2012,south_st_paul,SSP-3,BT3,0
2012,burnsville,B-2,DN,1
2012,burnsville,B-2,BT1,0
2012,burnsville,B-2,BT2,0
2012,burnsville,B-2,BT3,0
2012,burnsville,B-3,DN,1
2012,burnsville,B-3,BT1,0
2012,burnsville,B-3,BT2,0
2012,burnsville,B-3,BT3,0
2012,lakeville,L-9,DN,0
2012,lakeville,L-9,BT1,0
2012,lakeville,L-9,BT2,0
2012,lakeville,L-9,BT3,0
2012,lakeville,L-10,DN,0
2012,lakeville,L-10,BT1,0
2012,lakeville,L-10,BT2,0
2012,lakeville,L-10,BT3,0
2012,south_st_paul,SSP-1,DN,0
2012,south_st_paul,SSP-1,BT1,0
2012,south_st_paul,SSP-1,BT2,0
2012,south_st_paul,SSP-1,BT3,0
2012,eagan,E-34,DN,0
2012,eagan,E-34,BT1,2
2012,eagan,E-34,BT2,0
2012,eagan,E-34,BT3,0
2012,eagan,E-11,DN,2
2012,eagan,E-11,BT1,0
2012,eagan,E-11,BT2,0
2012,eagan,E-11,BT3,0
2012,burnsville,B-1,DN,3
2012,burnsville,B-1,BT1,3
2012,burnsville,B-1,BT2,0
2012,burnsville,B-1,BT3,0
2012,mendota_heights,MH-2,DN,3
2012,mendota_heights,MH-2,BT1,0
2012,mendota_heights,MH-2,BT2,0
2012,mendota_heights,MH-2,BT3,0
2012,lakeville,L-8,DN,0
2012,lakeville,L-8,BT1,0
2012,lakeville,L-8,BT2,0
2012,lakeville,L-8,BT3,0
2012,hastings,H-30,DN,1
2012,hastings,H-30,BT1,2
2012,hastings,H-30,BT2,2
2012,hastings,H-30,BT3,2
2012,rosemount,R-26,DN,0
2012,rosemount,R-26,BT1,1
2012,rosemount,R-26,BT2,0
2012,rosemount,R-26,BT3,0
2012,rosemount,R-1,DN,1
2012,rosemount,R-1,BT1,1
2012,rosemount,R-1,BT2,0
2012,rosemount,R-1,BT3,0
2012,eagan,E-33,DN,0
2012,eagan,E-33,BT1,0
2012,eagan,E-33,BT2,0
2012,eagan,E-33,BT3,0
2012,mendota_heights,MH-16,DN,0
2012,mendota_heights,MH-16,BT1,1
2012,mendota_heights,MH-16,BT2,0
2012,mendota_heights,MH-16,BT3,0
2012,apple_valley,AV-1,DN,2
2012,apple_valley,AV-1,BT1,1
2012,apple_valley,AV-1,BT2,2
2012,apple_valley,AV-1,BT3,0
2012,farmington,F-7,DN,3
2012,farmington,F-7,BT1,3
2012,farmington,F-7,BT2,0
2012,farmington,F-7,BT3,0
2012,apple_valley,AV-1,DN,3
2012,apple_valley,AV-1,BT1,3
2012,apple_valley,AV-1,BT2,0
2012,apple_valley,AV-1,BT3,0
2012,lilydale,pickernel,DN,1
2012,lilydale,pickernel,BT1,0
2012,lilydale,pickernel,BT2,0
2012,lilydale,pickernel,BT3,0
2013,mendota_heights,MH-2,DN,3
2013,mendota_heights,MH-2,BT1,3
2013,mendota_heights,MH-2,BT2,0
2013,mendota_heights,MH-2,BT3,0
2013,hastings,H-4,DN,1
2013,hastings,H-4,BT1,0
2013,hastings,H-4,BT2,0
2013,hastings,H-4,BT3,1
2013,rosemount,R-14,DN,1
2013,rosemount,R-14,BT1,2
2013,rosemount,R-14,BT2,0
2013,rosemount,R-14,BT3,0
2013,burnsville,B-1,DN,1
2013,burnsville,B-1,BT1,1
2013,burnsville,B-1,BT2,0
2013,burnsville,B-1,BT3,0
2013,burnsville,B-3,DN,0
2013,burnsville,B-3,BT1,0
2013,burnsville,B-3,BT2,0
2013,burnsville,B-3,BT3,0
2013,eagan,E-7,DN,1
2013,eagan,E-7,BT1,0
2013,eagan,E-7,BT2,0
2013,eagan,E-7,BT3,0
2013,hastings,H-56,DN,1
2013,hastings,H-56,BT1,2
2013,hastings,H-56,BT2,0
2013,hastings,H-56,BT3,0
2013,west_st_paul,WSP-??,DN,2
2013,west_st_paul,WSP-??,BT1,1
2013,west_st_paul,WSP-??,BT2,0
2013,west_st_paul,WSP-??,BT3,0
2013,west_st_paul,WSP-???,DN,1
2013,west_st_paul,WSP-???,BT1,3
2013,west_st_paul,WSP-???,BT2,0
2013,west_st_paul,WSP-???,BT3,0
2013,rosemount,R-21,DN,0
2013,rosemount,R-21,BT1,2
2013,rosemount,R-21,BT2,0
2013,rosemount,R-21,BT3,0
2013,south_st_paul,SSP-1,DN,1
2013,south_st_paul,SSP-1,BT1,1
2013,south_st_paul,SSP-1,BT2,0
2013,south_st_paul,SSP-1,BT3,0
2013,hastings,H-6,DN,2
2013,hastings,H-6,BT1,0
2013,hastings,H-6,BT2,0
2013,hastings,H-6,BT3,0
2013,apple_valley,AV-1,DN,2
2013,apple_valley,AV-1,BT1,1
2013,apple_valley,AV-1,BT2,0
2013,apple_valley,AV-1,BT3,0
2013,apple_valley,AV-11,DN,0
2013,apple_valley,AV-11,BT1,0
2013,apple_valley,AV-11,BT2,0
2013,apple_valley,AV-11,BT3,0
2013,eagan,E-7,DN,0
2013,eagan,E-7,BT1,3
2013,eagan,E-7,BT2,0
2013,eagan,E-7,BT3,0
2013,burnsville,B-10,DN,1
2013,burnsville,B-10,BT1,0
2013,burnsville,B-10,BT2,0
2013,burnsville,B-10,BT3,0
2013,burnsville,B-13,DN,1
2013,burnsville,B-13,BT1,1
2013,burnsville,B-13,BT2,0
2013,burnsville,B-13,BT3,0
2013,hastings,H-57,DN,2
2013,hastings,H-57,BT1,2
2013,hastings,H-57,BT2,1
2013,hastings,H-57,BT3,0
2013,rosemount,R-14,DN,4
2013,rosemount,R-14,BT1,0
2013,rosemount,R-14,BT2,0
2013,rosemount,R-14,BT3,0
2013,mendota_heights,MH-17,DN,3
2013,mendota_heights,MH-17,BT1,3
2013,mendota_heights,MH-17,BT2,0
2013,mendota_heights,MH-17,BT3,0
2013,rosemount,R-26,DN,0
2013,rosemount,R-26,BT1,1
2013,rosemount,R-26,BT2,0
2013,rosemount,R-26,BT3,0
2013,mendota_heights,MH-2,DN,0
2013,mendota_heights,MH-2,BT1,0
2013,mendota_heights,MH-2,BT2,0
2013,mendota_heights,MH-2,BT3,0
2013,lakeville,L-8,DN,0
2013,lakeville,L-8,BT1,0
2013,lakeville,L-8,BT2,0
2013,lakeville,L-8,BT3,0
2013,lakeville,L-7,DN,0
2013,lakeville,L-7,BT1,1
2013,lakeville,L-7,BT2,0
2013,lakeville,L-7,BT3,0
2013,farmington,F-5,DN,1
2013,farmington,F-5,BT1,1
2013,farmington,F-5,BT2,0
2013,farmington,F-5,BT3,0
2013,farmington,F-5,DN,1
2013,farmington,F-5,BT1,0
2013,farmington,F-5,BT2,0
2013,farmington,F-5,BT3,0
2013,farmington,F-3,DN,1
2013,farmington,F-3,BT1,0
2013,farmington,F-3,BT2,0
2013,farmington,F-3,BT3,0
2013,farmington,F-6,DN,0
2013,farmington,F-6,BT1,1
2013,farmington,F-6,BT2,0
2013,farmington,F-6,BT3,0
2013,burnsville,B-1,DN,2
2013,burnsville,B-1,BT1,1
2013,burnsville,B-1,BT2,2
2013,burnsville,B-1,BT3,0
2013,hastings,H-6,DN,0
2013,hastings,H-6,BT1,1
2013,hastings,H-6,BT2,0
2013,hastings,H-6,BT3,0
2013,apple_valley,AV-20,DN,4
2013,apple_valley,AV-20,BT1,4
2013,apple_valley,AV-20,BT2,0
2013,apple_valley,AV-20,BT3,0
2013,eagan,E-35,DN,2
2013,eagan,E-35,BT1,3
2013,eagan,E-35,BT2,0
2013,eagan,E-35,BT3,0
2013,west_st_paul,WSP-?,DN,1
2013,west_st_paul,WSP-?,BT1,1
2013,west_st_paul,WSP-?,BT2,0
2013,west_st_paul,WSP-?,BT3,0
2013,eagan,E-1,DN,0
2013,eagan,E-1,BT1,0
2013,eagan,E-1,BT2,0
2013,eagan,E-1,BT3,0
2013,eagan,E-35,DN,1
2013,eagan,E-35,BT1,1
2013,eagan,E-35,BT2,0
2013,eagan,E-35,BT3,0
2013,south_st_paul,SSP-1,DN,0
2013,south_st_paul,SSP-1,BT1,1
2013,south_st_paul,SSP-1,BT2,0
2013,south_st_paul,SSP-1,BT3,0
2013,lakeville,L-8,DN,0
2013,lakeville,L-8,BT1,0
2013,lakeville,L-8,BT2,0
2013,lakeville,L-8,BT3,0
2013,south_st_paul,SSP-3,DN,1
2013,south_st_paul,SSP-3,BT1,2
2013,south_st_paul,SSP-3,BT2,0
2013,south_st_paul,SSP-3,BT3,0
2014,burnsville,B-3,DN,1
2014,burnsville,B-3,BT1,0
2014,burnsville,B-3,BT2,0
2014,burnsville,B-3,BT3,0
2014,burnsville,B-1,DN,4
2014,burnsville,B-1,BT1,2
2014,burnsville,B-1,BT2,0
2014,burnsville,B-1,BT3,0
2014,hastings,H-56,DN,0
2014,hastings,H-56,BT1,0
2014,hastings,H-56,BT2,0
2014,hastings,H-56,BT3,0
2014,rosemount,R-21,DN,0
2014,rosemount,R-21,BT1,2
2014,rosemount,R-21,BT2,0
2014,rosemount,R-21,BT3,0
2014,rosemount,R-23,DN,1
2014,rosemount,R-23,BT1,0
2014,rosemount,R-23,BT2,0
2014,rosemount,R-23,BT3,0
2014,west_st_paul,WSP-???,DN,2
2014,west_st_paul,WSP-???,BT1,4
2014,west_st_paul,WSP-???,BT2,0
2014,west_st_paul,WSP-???,BT3,0
2014,south_st_paul,SSP-1,DN,0
2014,south_st_paul,SSP-1,BT1,0
2014,south_st_paul,SSP-1,BT2,0
2014,south_st_paul,SSP-1,BT3,0
2014,hastings,H-4,DN,0
2014,hastings,H-4,BT1,0
2014,hastings,H-4,BT2,0
2014,hastings,H-4,BT3,0
2014,west_st_paul,WSP-11,DN,3
2014,west_st_paul,WSP-11,BT1,0
2014,west_st_paul,WSP-11,BT2,0
2014,west_st_paul,WSP-11,BT3,0
2014,west_st_paul,WSP-5,DN,1
2014,west_st_paul,WSP-5,BT1,3
2014,west_st_paul,WSP-5,BT2,0
2014,west_st_paul,WSP-5,BT3,0
2014,apple_valley,AV-20,DN,3
2014,apple_valley,AV-20,BT1,6
2014,apple_valley,AV-20,BT2,0
2014,apple_valley,AV-20,BT3,0
2014,mendota_heights,MH-2,DN,2
2014,mendota_heights,MH-2,BT1,0
2014,mendota_heights,MH-2,BT2,0
2014,mendota_heights,MH-2,BT3,4
2014,rosemount,R-1,DN,1
2014,rosemount,R-1,BT1,3
2014,rosemount,R-1,BT2,0
2014,rosemount,R-1,BT3,0
2014,burnsville,B-9,DN,1
2014,burnsville,B-9,BT1,1
2014,burnsville,B-9,BT2,1
2014,burnsville,B-9,BT3,0
2014,burnsville,B-17,DN,4
2014,burnsville,B-17,BT1,1
2014,burnsville,B-17,BT2,0
2014,burnsville,B-17,BT3,0
2014,hastings,H-6,DN,0
2014,hastings,H-6,BT1,0
2014,hastings,H-6,BT2,0
2014,hastings,H-6,BT3,0
2014,mendota_heights,MH-9,DN,2
2014,mendota_heights,MH-9,BT1,2
2014,mendota_heights,MH-9,BT2,0
2014,mendota_heights,MH-9,BT3,0
2014,eagan,E-38,DN,0
2014,eagan,E-38,BT1,0
2014,eagan,E-38,BT2,0
2014,eagan,E-38,BT3,0
2014,eagan,E-37,DN,3
2014,eagan,E-37,BT1,5
2014,eagan,E-37,BT2,0
2014,eagan,E-37,BT3,0
2014,farmington,F-5,DN,2
2014,farmington,F-5,BT1,0
2014,farmington,F-5,BT2,0
2014,farmington,F-5,BT3,0
2014,hastings,H-57,DN,0
2014,hastings,H-57,BT1,0
2014,hastings,H-57,BT2,0
2014,hastings,H-57,BT3,0
2014,south_st_paul,SSP-3,DN,1
2014,south_st_paul,SSP-3,BT1,3
2014,south_st_paul,SSP-3,BT2,0
2014,south_st_paul,SSP-3,BT3,0
2014,farmington,F-7,DN,2
2014,farmington,F-7,BT1,2
2014,farmington,F-7,BT2,0
2014,farmington,F-7,BT3,0
2014,farmington,F-3,DN,1
2014,farmington,F-3,BT1,0
2014,farmington,F-3,BT2,0
2014,farmington,F-3,BT3,0
2014,burnsville,B-1,DN,4
2014,burnsville,B-1,BT1,3
2014,burnsville,B-1,BT2,0
2014,burnsville,B-1,BT3,0
2014,apple_valley,AV-18,DN,2
2014,apple_valley,AV-18,BT1,2
2014,apple_valley,AV-18,BT2,0
2014,apple_valley,AV-18,BT3,0
2014,apple_valley,AV-1,DN,0
2014,apple_valley,AV-1,BT1,3
2014,apple_valley,AV-1,BT2,0
2014,apple_valley,AV-1,BT3,0
2014,lakeville,L-8,DN,0
2014,lakeville,L-8,BT1,0
2014,lakeville,L-8,BT2,0
2014,lakeville,L-8,BT3,0
2014,rosemount,R-21,DN,2
2014,rosemount,R-21,BT1,1
2014,rosemount,R-21,BT2,0
2014,rosemount,R-21,BT3,0
2014,mendota_heights,MH-2,DN,2
2014,mendota_heights,MH-2,BT1,3
2014,mendota_heights,MH-2,BT2,0
2014,mendota_heights,MH-2,BT3,0
2014,farmington,F-7,DN,1
2014,farmington,F-7,BT1,2
2014,farmington,F-7,BT2,0
2014,farmington,F-7,BT3,0
2014,west_st_paul,WSP-1,DN,1
2014,west_st_paul,WSP-1,BT1,1
2014,west_st_paul,WSP-1,BT2,0
2014,west_st_paul,WSP-1,BT3,0
2014,south_st_paul,SSP-1,DN,1
2014,south_st_paul,SSP-1,BT1,0
2014,south_st_paul,SSP-1,BT2,0
2014,south_st_paul,SSP-1,BT3,0
2014,lakeville,L-7,DN,0
2014,lakeville,L-7,BT1,0
2014,lakeville,L-7,BT2,0
2014,lakeville,L-7,BT3,0
2014,lakeville,L-8,DN,0
2014,lakeville,L-8,BT1,0
2014,lakeville,L-8,BT2,0
2014,lakeville,L-8,BT3,0
2014,rosemount,R-26,DN,1
2014,rosemount,R-26,BT1,1
2014,rosemount,R-26,BT2,0
2014,rosemount,R-26,BT3,0
2014,hastings,H-56,DN,0
2014,hastings,H-56,BT1,0
2014,hastings,H-56,BT2,0
2014,hastings,H-56,BT3,0
2014,apple_valley,AV-1,DN,1
2014,apple_valley,AV-1,BT1,5
2014,apple_valley,AV-1,BT2,0
2014,apple_valley,AV-1,BT3,0
2014,west_st_paul,WSP-10,DN,2
2014,west_st_paul,WSP-10,BT1,3
2014,west_st_paul,WSP-10,BT2,0
2014,west_st_paul,WSP-10,BT3,0
2014,eagan,E-36,DN,0
2014,eagan,E-36,BT1,0
2014,eagan,E-36,BT2,0
2014,eagan,E-36,BT3,0
2015,south_st_paul,SSP-1,DN,0
2015,south_st_paul,SSP-1,BT1,0
2015,south_st_paul,SSP-1,BT2,0
2015,south_st_paul,SSP-1,BT3,0
2015,burnsville,B-1,DN,0
2015,burnsville,B-1,BT1,0
2015,burnsville,B-1,BT2,0
2015,burnsville,B-1,BT3,0
2015,hastings,H-4,DN,0
2015,hastings,H-4,BT1,0
2015,hastings,H-4,BT2,0
2015,hastings,H-4,BT3,0
2015,hastings,H-56,DN,0
2015,hastings,H-56,BT1,0
2015,hastings,H-56,BT2,0
2015,hastings,H-56,BT3,0
2015,burnsville,B-3,DN,0
2015,burnsville,B-3,BT1,0
2015,burnsville,B-3,BT2,0
2015,burnsville,B-3,BT3,0
2015,rosemount,R-2,DN,1
2015,rosemount,R-2,BT1,1
2015,rosemount,R-2,BT2,0
2015,rosemount,R-2,BT3,0
2015,rosemount,R-20,DN,1
2015,rosemount,R-20,BT1,1
2015,rosemount,R-20,BT2,0
2015,rosemount,R-20,BT3,0
2015,rosemount,R-4,DN,1
2015,rosemount,R-4,BT1,2
2015,rosemount,R-4,BT2,0
2015,rosemount,R-4,BT3,0
2015,hastings,H-6,DN,5
2015,hastings,H-6,BT1,7
2015,hastings,H-6,BT2,0
2015,hastings,H-6,BT3,0
2015,hastings,H-57,DN,3
2015,hastings,H-57,BT1,1
2015,hastings,H-57,BT2,0
2015,hastings,H-57,BT3,0
2015,burnsville,B-12,DN,2
2015,burnsville,B-12,BT1,2
2015,burnsville,B-12,BT2,5
2015,burnsville,B-12,BT3,0
2015,burnsville,B-4,DN,0
2015,burnsville,B-4,BT1,0
2015,burnsville,B-4,BT2,0
2015,burnsville,B-4,BT3,0
2015,farmington,F-3,DN,0
2015,farmington,F-3,BT1,0
2015,farmington,F-3,BT2,0
2015,farmington,F-3,BT3,0
2015,farmington,F-7,DN,1
2015,farmington,F-7,BT1,2
2015,farmington,F-7,BT2,0
2015,farmington,F-7,BT3,0
2015,farmington,F-6,DN,0
2015,farmington,F-6,BT1,0
2015,farmington,F-6,BT2,0
2015,farmington,F-6,BT3,0
2015,apple_valley,AV-1,DN,2
2015,apple_valley,AV-1,BT1,2
2015,apple_valley,AV-1,BT2,3
2015,apple_valley,AV-1,BT3,0
2015,apple_valley,AV-19,DN,2
2015,apple_valley,AV-19,BT1,0
2015,apple_valley,AV-19,BT2,0
2015,apple_valley,AV-19,BT3,0
2015,mendota_heights,MH-2,DN,2
2015,mendota_heights,MH-2,BT1,2
2015,mendota_heights,MH-2,BT2,0
2015,mendota_heights,MH-2,BT3,0
2015,rosemount,R-6,DN,1
2015,rosemount,R-6,BT1,2
2015,rosemount,R-6,BT2,0
2015,rosemount,R-6,BT3,0
2015,lakeville,L-8,DN,0
2015,lakeville,L-8,BT1,0
2015,lakeville,L-8,BT2,0
2015,lakeville,L-8,BT3,0
2015,lakeville,L-7,DN,0
2015,lakeville,L-7,BT1,0
2015,lakeville,L-7,BT2,0
2015,lakeville,L-7,BT3,0
2015,rosemount,R-20,DN,3
2015,rosemount,R-20,BT1,3
2015,rosemount,R-20,BT2,0
2015,rosemount,R-20,BT3,0
2015,hastings,H-6,DN,0
2015,hastings,H-6,BT1,0
2015,hastings,H-6,BT2,0
2015,hastings,H-6,BT3,0
2015,burnsville,B-1,DN,0
2015,burnsville,B-1,BT1,0
2015,burnsville,B-1,BT2,0
2015,burnsville,B-1,BT3,0
2015,south_st_paul,SSP-3,DN,2
2015,south_st_paul,SSP-3,BT1,3
2015,south_st_paul,SSP-3,BT2,0
2015,south_st_paul,SSP-3,BT3,0
2015,mendota_heights,MH-9,DN,0
2015,mendota_heights,MH-9,BT1,0
2015,mendota_heights,MH-9,BT2,0
2015,mendota_heights,MH-9,BT3,0
2015,apple_valley,AV-1,DN,1
2015,apple_valley,AV-1,BT1,1
2015,apple_valley,AV-1,BT2,2
2015,apple_valley,AV-1,BT3,0
2015,farmington,F-?,DN,2
2015,farmington,F-?,BT1,2
2015,farmington,F-?,BT2,0
2015,farmington,F-?,BT3,0
2015,apple_valley,AV-20,DN,2
2015,apple_valley,AV-20,BT1,4
2015,apple_valley,AV-20,BT2,0
2015,apple_valley,AV-20,BT3,0
2015,eagan,E-10,DN,0
2015,eagan,E-10,BT1,0
2015,eagan,E-10,BT2,0
2015,eagan,E-10,BT3,0
2015,eagan,DC-2,DN,2
2015,eagan,DC-2,BT1,2
2015,eagan,DC-2,BT2,3
2015,eagan,DC-2,BT3,0
2015,west_st_paul,WSP-5,,3
2015,west_st_paul,WSP-1,,7
2015,west_st_paul,WSP-????,,3
2015,west_st_paul,WSP-6,,2
2015,empire,DC-1,DN,0
2015,empire,DC-1,BT1,0
2015,empire,DC-1,BT2,0
2015,empire,DC-1,BT3,0
2015,west_st_paul,WSP-6,DN,0
2015,west_st_paul,WSP-6,BT1,0
2015,west_st_paul,WSP-6,BT2,0
2015,west_st_paul,WSP-6,BT3,0
2015,eagan,E-32,DN,0
2015,eagan,E-32,BT1,0
2015,eagan,E-32,BT2,0
2015,eagan,E-32,BT3,0
2015,eagan,E-36,DN,0
2015,eagan,E-36,BT1,0
2015,eagan,E-36,BT2,0
2015,eagan,E-36,BT3,0
2015,south_st_paul,SSP-1,DN,0
2015,south_st_paul,SSP-1,BT1,0
2015,south_st_paul,SSP-1,BT2,0
2015,south_st_paul,SSP-1,BT3,0
2015,eagan,E-36,DN,2
2015,eagan,E-36,BT1,4
2015,eagan,E-36,BT2,0
2015,eagan,E-36,BT3,0
2015,mendota_heights,MH-2,DN,0
2015,mendota_heights,MH-2,BT1,0
2015,mendota_heights,MH-2,BT2,0
2015,mendota_heights,MH-2,BT3,0
2016,eagan,DC-2,DN,0
2016,eagan,DC-2,BT1,0
2016,eagan,DC-2,BT2,0
2016,eagan,DC-2,BT3,0
2016,burnsville,B-7,DN,2
2016,burnsville,B-7,BT1,2
2016,burnsville,B-7,BT2,0
2016,burnsville,B-7,BT3,0
2016,burnsville,B-6,DN,0
2016,burnsville,B-6,BT1,0
2016,burnsville,B-6,BT2,0
2016,burnsville,B-6,BT3,0
2016,hastings,H-56,DN,0
2016,hastings,H-56,BT1,0
2016,hastings,H-56,BT2,0
2016,hastings,H-56,BT3,0
2016,hastings,H-4,DN,0
2016,hastings,H-4,BT1,0
2016,hastings,H-4,BT2,0
2016,hastings,H-4,BT3,0
2016,rosemount,R-21,DN,1
2016,rosemount,R-21,BT1,3
2016,rosemount,R-21,BT2,0
2016,rosemount,R-21,BT3,0
2016,eagan,DC-3,DN,0
2016,eagan,DC-3,BT1,0
2016,eagan,DC-3,BT2,0
2016,eagan,DC-3,BT3,0
2016,lakeville,L-8,DN,0
2016,lakeville,L-8,BT1,0
2016,lakeville,L-8,BT2,0
2016,lakeville,L-8,BT3,0
2016,lakeville,L-7,DN,0
2016,lakeville,L-7,BT1,0
2016,lakeville,L-7,BT2,0
2016,lakeville,L-7,BT3,0
2016,eagan,E-20,DN,0
2016,eagan,E-20,BT1,0
2016,eagan,E-20,BT2,0
2016,eagan,E-20,BT3,0
2016,rosemount,R-1,DN,2
2016,rosemount,R-1,BT1,2
2016,rosemount,R-1,BT2,0
2016,rosemount,R-1,BT3,0
2016,rosemount,R-20,DN,0
2016,rosemount,R-20,BT1,0
2016,rosemount,R-20,BT2,0
2016,rosemount,R-20,BT3,0
2016,west_st_paul,WSP-1,DN,2
2016,west_st_paul,WSP-1,BT1,0
2016,west_st_paul,WSP-1,BT2,0
2016,west_st_paul,WSP-1,BT3,0
2016,west_st_paul,WSP-10,DN,0
2016,west_st_paul,WSP-10,BT1,4
2016,west_st_paul,WSP-10,BT2,0
2016,west_st_paul,WSP-10,BT3,0
2016,burnsville,B-3,DN,0
2016,burnsville,B-3,BT1,0
2016,burnsville,B-3,BT2,0
2016,burnsville,B-3,BT3,0
2016,hastings,H-6,DN,1
2016,hastings,H-6,BT1,2
2016,hastings,H-6,BT2,0
2016,hastings,H-6,BT3,0
2016,hastings,H-57,DN,1
2016,hastings,H-57,BT1,1
2016,hastings,H-57,BT2,0
2016,hastings,H-57,BT3,0
2016,eagan,DC-4,DN,0
2016,eagan,DC-4,BT1,0
2016,eagan,DC-4,BT2,0
2016,eagan,DC-4,BT3,0
2016,mendota_heights,MH-2,DN,0
2016,mendota_heights,MH-2,BT1,1
2016,mendota_heights,MH-2,BT2,0
2016,mendota_heights,MH-2,BT3,0
2016,west_st_paul,WSP-????,DN,0
2016,west_st_paul,WSP-????,BT1,1
2016,west_st_paul,WSP-????,BT2,0
2016,west_st_paul,WSP-????,BT3,0
2016,burnsville,B-1,DN,0
2016,burnsville,B-1,BT1,1
2016,burnsville,B-1,BT2,0
2016,burnsville,B-1,BT3,0
2016,apple_valley,AV-13,DN,3
2016,apple_valley,AV-13,BT1,2
2016,apple_valley,AV-13,BT2,0
2016,apple_valley,AV-13,BT3,0
2016,apple_valley,AV-6,DN,2
2016,apple_valley,AV-6,BT1,0
2016,apple_valley,AV-6,BT2,0
2016,apple_valley,AV-6,BT3,0
2016,rosemount,R-6,DN,1
2016,rosemount,R-6,BT1,0
2016,rosemount,R-6,BT2,0
2016,rosemount,R-6,BT3,0
2016,south_st_paul,SSP-3,DN,0
2016,south_st_paul,SSP-3,BT1,4
2016,south_st_paul,SSP-3,BT2,0
2016,south_st_paul,SSP-3,BT3,0
2016,south_st_paul,SSP-3,DN,1
2016,south_st_paul,SSP-3,BT1,2
2016,south_st_paul,SSP-3,BT2,0
2016,south_st_paul,SSP-3,BT3,0
2016,rosemount,R-20,DN,2
2016,rosemount,R-20,BT1,3
2016,rosemount,R-20,BT2,0
2016,rosemount,R-20,BT3,0
2016,apple_valley,AV-20,DN,0
2016,apple_valley,AV-20,BT1,3
2016,apple_valley,AV-20,BT2,0
2016,apple_valley,AV-20,BT3,0
2016,mendota_heights,MH-1,DN,0
2016,mendota_heights,MH-1,BT1,1
2016,mendota_heights,MH-1,BT2,0
2016,mendota_heights,MH-1,BT3,0
2016,farmington,F-7,DN,2
2016,farmington,F-7,BT1,4
2016,farmington,F-7,BT2,3
2016,farmington,F-7,BT3,0
2016,farmington,F-3,DN,0
2016,farmington,F-3,BT1,0
2016,farmington,F-3,BT2,0
2016,farmington,F-3,BT3,0
2016,burnsville,B-1,DN,2
2016,burnsville,B-1,BT1,2
2016,burnsville,B-1,BT2,0
2016,burnsville,B-1,BT3,0
2016,south_st_paul,SSP-4,DN,1
2016,south_st_paul,SSP-4,BT1,3
2016,south_st_paul,SSP-4,BT2,0
2016,south_st_paul,SSP-4,BT3,0
2016,west_st_paul,WSP-11,DN,2
2016,west_st_paul,WSP-11,BT1,0
2016,west_st_paul,WSP-11,BT2,0
2016,west_st_paul,WSP-11,BT3,0
2016,eagan,E-39,DN,0
2016,eagan,E-39,BT1,0
2016,eagan,E-39,BT2,0
2016,eagan,E-39,BT3,0
2016,eagan,E-20,DN,0
2016,eagan,E-20,BT1,0
2016,eagan,E-20,BT2,0
2016,eagan,E-20,BT3,0
2016,mendota_heights,MH-8,DN,3
2016,mendota_heights,MH-8,BT1,2
2016,mendota_heights,MH-8,BT2,0
2016,mendota_heights,MH-8,BT3,0
2016,hastings,H-6,DN,0
2016,hastings,H-6,BT1,0
2016,hastings,H-6,BT2,0
2016,hastings,H-6,BT3,0
2016,empire,DC-1,DN,0
2016,empire,DC-1,BT1,0
2016,empire,DC-1,BT2,0
2016,empire,DC-1,BT3,0
2016,farmington,F-8,DN,2
2016,farmington,F-8,BT1,3
2016,farmington,F-8,BT2,0
2016,farmington,F-8,BT3,0
2016,farmington,F-??,DN,0
2016,farmington,F-??,BT1,0
2016,farmington,F-??,BT2,0
2016,farmington,F-??,BT3,0
2016,west_st_paul,WSP-1,DN,2
2016,west_st_paul,WSP-1,BT1,2
2016,west_st_paul,WSP-1,BT2,0
2016,west_st_paul,WSP-1,BT3,0
2016,lakeville,L-8,DN,0
2016,lakeville,L-8,BT1,0
2016,lakeville,L-8,BT2,0
2016,lakeville,L-8,BT3,0
2016,empire,DC-1,DN,0
2016,empire,DC-1,BT1,0
2016,empire,DC-1,BT2,0
2016,empire,DC-1,BT3,0
2016,eagan,E-40,DN,0
2016,eagan,E-40,BT1,0
2016,eagan,E-40,BT2,0
2016,eagan,E-40,BT3,0
2016,apple_valley,AV-13,DN,2
2016,apple_valley,AV-13,BT1,2
2016,apple_valley,AV-13,BT2,0
2016,apple_valley,AV-13,BT3,0
2017,burnsville,B-8,DN,1
2017,burnsville,B-8,BT1,1
2017,burnsville,B-8,BT2,0
2017,burnsville,B-8,BT3,0
2017,burnsville,B-3,DN,0
2017,burnsville,B-3,BT1,0
2017,burnsville,B-3,BT2,0
2017,burnsville,B-3,BT3,0
2017,farmington,F-8,DN,1
2017,farmington,F-8,BT1,0
2017,farmington,F-8,BT2,0
2017,farmington,F-8,BT3,0
2017,farmington,F-7,DN,1
2017,farmington,F-7,BT1,2
2017,farmington,F-7,BT2,0
2017,farmington,F-7,BT3,0
2017,farmington,F-3,DN,0
2017,farmington,F-3,BT1,0
2017,farmington,F-3,BT2,0
2017,farmington,F-3,BT3,0
2017,rosemount,R-4,DN,1
2017,rosemount,R-4,BT1,1
2017,rosemount,R-4,BT2,0
2017,rosemount,R-4,BT3,0
2017,apple_valley,AV-12,DN,0
2017,apple_valley,AV-12,BT1,0
2017,apple_valley,AV-12,BT2,0
2017,apple_valley,AV-12,BT3,0
2017,lakeville,L-7,DN,0
2017,lakeville,L-7,BT1,0
2017,lakeville,L-7,BT2,0
2017,lakeville,L-7,BT3,0
2017,lakeville,L-8,DN,0
2017,lakeville,L-8,BT1,0
2017,lakeville,L-8,BT2,0
2017,lakeville,L-8,BT3,0
2017,eagan,DC-3,DN,2
2017,eagan,DC-3,BT1,2
2017,eagan,DC-3,BT2,0
2017,eagan,DC-3,BT3,0
2017,eagan,E-18,DN,0
2017,eagan,E-18,BT1,0
2017,eagan,E-18,BT2,0
2017,eagan,E-18,BT3,0
2017,eagan,E-41,DN,0
2017,eagan,E-41,BT1,0
2017,eagan,E-41,BT2,0
2017,eagan,E-41,BT3,0
2017,greenvale,NC-2,DN,0
2017,greenvale,NC-2,BT1,1
2017,greenvale,NC-2,BT2,0
2017,greenvale,NC-2,BT3,0
2017,hastings,H-56,DN,0
2017,hastings,H-56,BT1,0
2017,hastings,H-56,BT2,0
2017,hastings,H-56,BT3,0
2017,hastings,H-4,DN,1
2017,hastings,H-4,BT1,0
2017,hastings,H-4,BT2,0
2017,hastings,H-4,BT3,0
2017,mendota_heights,MH-2,DN,0
2017,mendota_heights,MH-2,BT1,0
2017,mendota_heights,MH-2,BT2,0
2017,mendota_heights,MH-2,BT3,0
2017,south_st_paul,SSP-1,DN,1
2017,south_st_paul,SSP-1,BT1,1
2017,south_st_paul,SSP-1,BT2,0
2017,south_st_paul,SSP-1,BT3,0
2017,rosemount,R-21,DN,4
2017,rosemount,R-21,BT1,0
2017,rosemount,R-21,BT2,0
2017,rosemount,R-21,BT3,0
2017,south_st_paul,SSP-3,DN,1
2017,south_st_paul,SSP-3,BT1,3
2017,south_st_paul,SSP-3,BT2,0
2017,south_st_paul,SSP-3,BT3,0
2017,west_st_paul,WSP-8,DN,0
2017,west_st_paul,WSP-8,BT1,0
2017,west_st_paul,WSP-8,BT2,0
2017,west_st_paul,WSP-8,BT3,0
2017,west_st_paul,WSP-3,DN,0
2017,west_st_paul,WSP-3,BT1,0
2017,west_st_paul,WSP-3,BT2,0
2017,west_st_paul,WSP-3,BT3,0
2017,west_st_paul,WSP-6,DN,0
2017,west_st_paul,WSP-6,BT1,0
2017,west_st_paul,WSP-6,BT2,0
2017,west_st_paul,WSP-6,BT3,0
2017,west_st_paul,WSP-4,DN,0
2017,west_st_paul,WSP-4,BT1,0
2017,west_st_paul,WSP-4,BT2,0
2017,west_st_paul,WSP-4,BT3,0
2017,burnsville,B-13,DN,1
2017,burnsville,B-13,BT1,0
2017,burnsville,B-13,BT2,0
2017,burnsville,B-13,BT3,0
2017,burnsville,B-1,DN,0
2017,burnsville,B-1,BT1,0
2017,burnsville,B-1,BT2,1
2017,burnsville,B-1,BT3,0
2017,mendota_heights,MH-4,DN,3
2017,mendota_heights,MH-4,BT1,1
2017,mendota_heights,MH-4,BT2,0
2017,mendota_heights,MH-4,BT3,0
2017,hastings,H-6,DN,0
2017,hastings,H-6,BT1,0
2017,hastings,H-6,BT2,0
2017,hastings,H-6,BT3,0
2017,hastings,H-57,DN,0
2017,hastings,H-57,BT1,0
2017,hastings,H-57,BT2,0
2017,hastings,H-57,BT3,0
2017,rosemount,R-23,DN,2
2017,rosemount,R-23,BT1,2
2017,rosemount,R-23,BT2,0
2017,rosemount,R-23,BT3,0
2017,lakeville,L-8,DN,1
2017,lakeville,L-8,BT1,2
2017,lakeville,L-8,BT2,0
2017,lakeville,L-8,BT3,0
2017,apple_valley,AV-10,DN,1
2017,apple_valley,AV-10,BT1,0
2017,apple_valley,AV-10,BT2,0
2017,apple_valley,AV-10,BT3,0
2017,eagan,DC-2,DN,1
2017,eagan,DC-2,BT1,1
2017,eagan,DC-2,BT2,0
2017,eagan,DC-2,BT3,0
2017,eagan,DC-4,DN,2
2017,eagan,DC-4,BT1,1
2017,eagan,DC-4,BT2,0
2017,eagan,DC-4,BT3,0
2017,hastings,H-6,DN,0
2017,hastings,H-6,BT1,0
2017,hastings,H-6,BT2,0
2017,hastings,H-6,BT3,0
2017,rosemount,R-14,DN,3
2017,rosemount,R-14,BT1,2
2017,rosemount,R-14,BT2,0
2017,rosemount,R-14,BT3,0
2017,mendota_heights,MH-2,DN,0
2017,mendota_heights,MH-2,BT1,1
2017,mendota_heights,MH-2,BT2,0
2017,mendota_heights,MH-2,BT3,0
2017,empire,DC-1,DN,0
2017,empire,DC-1,BT1,0
2017,empire,DC-1,BT2,0
2017,empire,DC-1,BT3,0
2017,apple_valley,AV-12,DN,1
2017,apple_valley,AV-12,BT1,0
2017,apple_valley,AV-12,BT2,0
2017,apple_valley,AV-12,BT3,0
2017,apple_valley,AV-20,DN,4
2017,apple_valley,AV-20,BT1,3
2017,apple_valley,AV-20,BT2,0
2017,apple_valley,AV-20,BT3,0
2017,greenvale,NC-2,DN,0
2017,greenvale,NC-2,BT1,0
2017,greenvale,NC-2,BT2,0
2017,greenvale,NC-2,BT3,0
2017,greenvale,NC-1,DN,0
2017,greenvale,NC-1,BT1,0
2017,greenvale,NC-1,BT2,0
2017,greenvale,NC-1,BT3,0
2017,farmington,F-7,DN,0
2017,farmington,F-7,BT1,0
2017,farmington,F-7,BT2,0
2017,farmington,F-7,BT3,0
2017,eagan,DC-2,DN,0
2017,eagan,DC-2,BT1,2
2017,eagan,DC-2,BT2,2
2017,eagan,DC-2,BT3,0
2017,burnsville,B-1,DN,0
2017,burnsville,B-1,BT1,2
2017,burnsville,B-1,BT2,0
2017,burnsville,B-1,BT3,0
2017,rosemount,R-21,DN,1
2017,rosemount,R-21,BT1,1
2017,rosemount,R-21,BT2,0
2017,rosemount,R-21,BT3,0
2017,west_st_paul,WSP-6,DN,0
2017,west_st_paul,WSP-6,BT1,0
2017,west_st_paul,WSP-6,BT2,0
2017,west_st_paul,WSP-6,BT3,0
2017,south_st_paul,SSP-1,DN,2
2017,south_st_paul,SSP-1,BT1,0
2017,south_st_paul,SSP-1,BT2,0
2017,south_st_paul,SSP-1,BT3,0
2017,eagan,E-18,DN,2
2017,eagan,E-18,BT1,3
2017,eagan,E-18,BT2,0
2017,eagan,E-18,BT3,0
2017,eagan,E-42,DN,1
2017,eagan,E-42,BT1,0
2017,eagan,E-42,BT2,0
2017,eagan,E-42,BT3,0
2018,eagan,DC-9,DN,1
2018,eagan,DC-9,BT1,0
2018,eagan,DC-9,BT2,0
2018,eagan,DC-9,BT3,0
2018,west_st_paul,WSP-4,DN,3
2018,west_st_paul,WSP-4,BT1,3
2018,west_st_paul,WSP-4,BT2,0
2018,west_st_paul,WSP-4,BT3,0
2018,burnsville,B-17,DN,5
2018,burnsville,B-17,BT1,1
2018,burnsville,B-17,BT2,0
2018,burnsville,B-17,BT3,0
2018,burnsville,B-1,DN,12
2018,burnsville,B-1,BT1,3
2018,burnsville,B-1,BT2,0
2018,burnsville,B-1,BT3,0
2018,eagan,DC-8,DN,1
2018,eagan,DC-8,BT1,2
2018,eagan,DC-8,BT2,0
2018,eagan,DC-8,BT3,0
2018,eagan,E-31,DN,0
2018,eagan,E-31,BT1,0
2018,eagan,E-31,BT2,0
2018,eagan,E-31,BT3,0
2018,eagan,E-9,DN,0
2018,eagan,E-9,BT1,0
2018,eagan,E-9,BT2,0
2018,eagan,E-9,BT3,0
2018,mendota_heights,MH-2,DN,1
2018,mendota_heights,MH-2,BT1,0
2018,mendota_heights,MH-2,BT2,0
2018,mendota_heights,MH-2,BT3,0
2018,rosemount,R-2,DN,2
2018,rosemount,R-2,BT1,2
2018,rosemount,R-2,BT2,0
2018,rosemount,R-2,BT3,0
2018,greenvale,NCR-1,DN,0
2018,greenvale,NCR-1,BT1,1
2018,greenvale,NCR-1,BT2,0
2018,greenvale,NCR-1,BT3,1
2018,greenvale,NCR-2,DN,0
2018,greenvale,NCR-2,BT1,2
2018,greenvale,NCR-2,BT2,1
2018,greenvale,NCR-2,BT3,1
2018,hastings,H-56,DN,0
2018,hastings,H-56,BT1,0
2018,hastings,H-56,BT2,0
2018,hastings,H-56,BT3,0
2018,hastings,H-4,DN,0
2018,hastings,H-4,BT1,0
2018,hastings,H-4,BT2,0
2018,hastings,H-4,BT3,0
2018,burnsville,B-3,DN,0
2018,burnsville,B-3,BT1,0
2018,burnsville,B-3,BT2,0
2018,burnsville,B-3,BT3,0
2018,burnsville,B-2,DN,10
2018,burnsville,B-2,BT1,5
2018,burnsville,B-2,BT2,0
2018,burnsville,B-2,BT3,0
2018,eagan,DC-5,DN,3
2018,eagan,DC-5,BT1,10
2018,eagan,DC-5,BT2,0
2018,eagan,DC-5,BT3,0
2018,south_st_paul,SSP-1,DN,0
2018,south_st_paul,SSP-1,BT1,1
2018,south_st_paul,SSP-1,BT2,0
2018,south_st_paul,SSP-1,BT3,0
2018,south_st_paul,SSP-3,DN,2
2018,south_st_paul,SSP-3,BT1,1
2018,south_st_paul,SSP-3,BT2,0
2018,south_st_paul,SSP-3,BT3,0
2018,eagan,DC-12,DN,1
2018,eagan,DC-12,BT1,1
2018,eagan,DC-12,BT2,0
2018,eagan,DC-12,BT3,0
2018,rosemount,R-26,DN,1
2018,rosemount,R-26,BT1,0
2018,rosemount,R-26,BT2,0
2018,rosemount,R-26,BT3,0
2018,eagan,DC-4,DN,0
2018,eagan,DC-4,BT1,0
2018,eagan,DC-4,BT2,0
2018,eagan,DC-4,BT3,0
2018,lakeville,L-7,DN,0
2018,lakeville,L-7,BT1,0
2018,lakeville,L-7,BT2,0
2018,lakeville,L-7,BT3,0
2018,lakeville,L-8,DN,0
2018,lakeville,L-8,BT1,0
2018,lakeville,L-8,BT2,0
2018,lakeville,L-8,BT3,0
2018,rosemount,R-1,DN,0
2018,rosemount,R-1,BT1,0
2018,rosemount,R-1,BT2,0
2018,rosemount,R-1,BT3,0
2018,apple_valley,AV-18,DN,3
2018,apple_valley,AV-18,BT1,1
2018,apple_valley,AV-18,BT2,2
2018,apple_valley,AV-18,BT3,1
2018,apple_valley,AV-7,DN,1
2018,apple_valley,AV-7,BT1,1
2018,apple_valley,AV-7,BT2,0
2018,apple_valley,AV-7,BT3,0
2018,eagan,DC-2,DN,15
2018,eagan,DC-2,BT1,7
2018,eagan,DC-2,BT2,0
2018,eagan,DC-2,BT3,0
2018,hastings,H-6,DN,0
2018,hastings,H-6,BT1,0
2018,hastings,H-6,BT2,0
2018,hastings,H-6,BT3,0
2018,hastings,H-57,DN,0
2018,hastings,H-57,BT1,0
2018,hastings,H-57,BT2,0
2018,hastings,H-57,BT3,0
2018,apple_valley,AV-1,DN,2
2018,apple_valley,AV-1,BT1,0
2018,apple_valley,AV-1,BT2,0
2018,apple_valley,AV-1,BT3,0
2018,greenvale,NCR-2,DN,2
2018,greenvale,NCR-2,BT1,2
2018,greenvale,NCR-2,BT2,0
2018,greenvale,NCR-2,BT3,0
2018,farmington,F-3,DN,0
2018,farmington,F-3,BT1,0
2018,farmington,F-3,BT2,0
2018,farmington,F-3,BT3,0
2018,farmington,F-9,DN,0
2018,farmington,F-9,BT1,0
2018,farmington,F-9,BT2,0
2018,farmington,F-9,BT3,0
2018,farmington,F-7,DN,0
2018,farmington,F-7,BT1,0
2018,farmington,F-7,BT2,0
2018,farmington,F-7,BT3,0
2018,west_st_paul,WSP-3,DN,3
2018,west_st_paul,WSP-3,BT1,2
2018,west_st_paul,WSP-3,BT2,0
2018,west_st_paul,WSP-3,BT3,0
2018,eagan,E-43,DN,0
2018,eagan,E-43,BT1,0
2018,eagan,E-43,BT2,0
2018,eagan,E-43,BT3,0
2018,eagan,DC-2,DN,0
2018,eagan,DC-2,BT1,2
2018,eagan,DC-2,BT2,0
2018,eagan,DC-2,BT3,0
2018,eagan,DC-LP,DN,0
2018,eagan,DC-LP,BT1,2
2018,eagan,DC-LP,BT2,0
2018,eagan,DC-LP,BT3,0
2018,rosemount,R-1,DN,1
2018,rosemount,R-1,BT1,2
2018,rosemount,R-1,BT2,0
2018,rosemount,R-1,BT3,0
2018,west_st_paul,WSP-6,DN,0
2018,west_st_paul,WSP-6,BT1,2
2018,west_st_paul,WSP-6,BT2,0
2018,west_st_paul,WSP-6,BT3,0
2018,mendota_heights,MH-2,DN,0
2018,mendota_heights,MH-2,BT1,0
2018,mendota_heights,MH-2,BT2,0
2018,mendota_heights,MH-2,BT3,0
2018,apple_valley,AV-20,DN,3
2018,apple_valley,AV-20,BT1,2
2018,apple_valley,AV-20,BT2,0
2018,apple_valley,AV-20,BT3,0
2018,eagan,DC-3,DN,2
2018,eagan,DC-3,BT1,1
2018,eagan,DC-3,BT2,0
2018,eagan,DC-3,BT3,0
2018,burnsville,B-1,DN,0
2018,burnsville,B-1,BT1,0
2018,burnsville,B-1,BT2,0
2018,burnsville,B-1,BT3,0
2018,hastings,H-6,DN,0
2018,hastings,H-6,BT1,0
2018,hastings,H-6,BT2,0
2018,hastings,H-6,BT3,0
2018,farmington,F-7,DN,0
2018,farmington,F-7,BT1,0
2018,farmington,F-7,BT2,0
2018,farmington,F-7,BT3,0
2018,apple_valley,AV-1,DN,0
2018,apple_valley,AV-1,BT1,1
2018,apple_valley,AV-1,BT2,0
2018,apple_valley,AV-1,BT3,0
2018,mendota_heights,MH-19,DN,3
2018,mendota_heights,MH-19,BT1,1
2018,mendota_heights,MH-19,BT2,0
2018,mendota_heights,MH-19,BT3,0
2018,lakeville,L-8,DN,1
2018,lakeville,L-8,BT1,0
2018,lakeville,L-8,BT2,0
2018,lakeville,L-8,BT3,0
2018,west_st_paul,WSP-5,DN,3
2018,west_st_paul,WSP-5,BT1,2
2018,west_st_paul,WSP-5,BT2,0
2018,west_st_paul,WSP-5,BT3,0
2018,eagan,DC-11,DN,1
2018,eagan,DC-11,BT1,4
2018,eagan,DC-11,BT2,0
2018,eagan,DC-11,BT3,0
2018,south_st_paul,SSP-1,DN,0
2018,south_st_paul,SSP-1,BT1,0
2018,south_st_paul,SSP-1,BT2,0
2018,south_st_paul,SSP-1,BT3,0